time,v
0,0.0
1,0.0
2,0.0
3,0.0
4,0.0
5,0.0
6,0.0
7,0.0
8,0.0
9,0.0
10,0.0
11,0.0
12,0.0
13,0.0
14,0.0
15,0.0
16,0.0
17,0.0
18,0.0
19,0.0
20,0.0
21,0.0
22,0.0
23,0.0
24,0.0
25,0.0
26,0.0
27,0.0
28,0.0
29,0.0
30,0.0
31,0.0
32,0.0
33,0.0
34,0.0
35,0.0
36,0.0
37,0.0
38,0.0
39,0.0
40,0.0
41,0.0
42,0.0
43,0.0
44,0.0
45,0.0
46,0.0
47,0.0
48,0.0
49,0.0
50,0.0
51,0.0
52,0.0
53,0.0
54,0.0
55,0.0
56,0.0
57,0.0
58,0.0
59,0.0
60,7.943375905354817
61,8.216772079467773
62,8.42341317070855
63,8.578960630628798
64,8.69073920779758
65,8.765402899848091
66,8.81284925672743
67,8.836531639099121
68,8.854164017571343
69,8.870027330186632
70,8.900705973307291
71,8.931452433268229
72,8.970134523179796
73,9.015762541029188
74,9.042580922444662
75,9.050994449191624
76,9.024335013495552
77,8.964618047078451
78,8.863434261745876
79,8.731272485521105
80,8.566762076483833
81,8.36281246609158
82,8.12344233194987
83,7.8580427169799805
84,7.568260828653972
85,7.257452011108398
86,6.934598286946614
87,6.615231831868489
88,6.296701431274414
89,5.98600705464681
90,3.6312161551581488
91,3.004514906141493
92,2.4235751893785267
93,1.8951167000664606
94,1.3954475190904405
95,0.9535540474785699
96,0.5713600582546658
97,0.25067753261990017
98,0.001659393310546875
99,0.0
100,0.0
101,0.0
102,0.0
103,0.0
104,0.0
105,0.0
106,0.0
107,0.0
108,0.0
109,0.0
110,0.0
111,0.0
112,0.0
113,0.0
114,0.08848084343804254
115,0.3314717610677083
116,0.6175269020928277
117,0.9439055124918619
118,1.29628234439426
119,1.6469860076904297
120,2.305596669514974
121,2.839621967739529
122,3.391053941514757
123,3.9614539676242404
124,4.539732933044434
125,5.13832622104221
126,5.749959945678711
127,6.35477172003852
128,6.942069265577528
129,7.501869731479221
130,8.008163770039877
131,8.454126781887478
132,8.860354953342014
133,9.237642288208008
134,9.59885279337565
135,9.954775704277885
136,10.309954749213325
137,10.670660866631401
138,11.041012869940865
139,11.415013207329643
140,11.800351672702366
141,12.184295654296875
142,12.572959264119467
143,12.955412334865994
144,13.32378175523546
145,13.671948115030924
146,13.986661699083117
147,14.265011681450737
148,14.496029747856987
149,14.671461317274305
150,13.826000425550673
151,13.737186855740017
152,13.593136469523111
153,13.401141696506077
154,13.166285620795357
155,12.90434095594618
156,12.620534896850586
157,12.315447065565321
158,12.010695139567057
159,11.700731913248697
160,11.408768759833443
161,11.1191283331977
162,10.847850375705296
163,10.618379380967882
164,10.412411159939236
165,10.248466067843967
166,10.119823879665798
167,10.035212834676107
168,9.97852643330892
169,9.95897822909885
170,9.948582119411892
171,9.924303690592447
172,9.860764609442818
173,9.756041632758247
174,9.596331914265951
175,9.369468688964844
176,9.083067576090494
177,8.738159073723686
178,8.329681820339626
179,7.86569701300727
180,7.196691830952962
181,6.576183636983235
182,5.916429625617133
183,5.238453547159831
184,4.5336935255262585
185,3.8312784830729165
186,3.1395493613349066
187,2.4690432018703885
188,1.8489434983995225
189,1.2850364049275715
190,0.819403330485026
191,0.4381614261203342
192,0.14587084452311197
193,0.0
194,0.0
195,0.0
196,0.0
197,0.0
198,0.0
199,0.0
200,0.0
201,0.0
202,0.0
203,0.0
204,0.0
205,0.03314865960015191
206,0.08933173285590278
207,0.17453723483615452
208,0.29120445251464844
209,0.431979497273763
210,2.394413948059082
211,2.68447028266059
212,2.878982755872938
213,2.9886568917168512
214,3.0011781056722007
215,2.9163826836480036
216,2.745933002895779
217,2.4973885218302407
218,2.2060876422458224
219,1.9000413682725694
220,1.6192007064819336
221,1.371509763929579
222,1.1844348907470703
223,1.06251769595676
224,0.9833971659342448
225,0.9426699744330512
226,0.919897821214464
227,0.9040970272488065
228,0.9024551179673936
229,0.9057346979777018
230,0.9224870469835069
231,0.9433582093980577
232,0.9711911943223741
233,1.0036971833970811
234,1.0521427790323894
235,1.1113060845269098
236,1.1849064297146268
237,1.2853754891289606
238,1.4005072911580403
239,1.5265671412150066
240,0.6323062049018012
241,0.9024021360609267
242,1.2402333153618708
243,1.6391430960761175
244,2.076354556613498
245,2.5485478507147894
246,3.0372195773654513
247,3.5356590482923718
248,4.036486943562825
249,4.544686741299099
250,5.052179230584039
251,5.548603269788954
252,6.036737230088976
253,6.503984663221571
254,6.940808826022678
255,7.336462868584527
256,7.685155868530273
257,7.97934956020779
258,8.239578141106499
259,8.450297249688042
260,8.633210394117567
261,8.786378436618381
262,8.91526328192817
263,9.002388848198784
264,9.04563479953342
265,9.045516120062935
266,9.007398817274305
267,8.949362436930338
268,8.880400657653809
269,8.804452684190538
270,8.33459218343099
271,8.58730845981174
272,8.844985432094997
273,9.08715460035536
274,9.306703143649631
275,9.472279018825954
276,9.559786054823133
277,9.536844889322916
278,9.390218522813585
279,9.094423717922634
280,8.678104612562391
281,8.125228881835938
282,7.455226050482856
283,6.707790162828234
284,5.883397526211208
285,5.027750862969293
286,4.160559442308214
287,3.317765129937066
288,2.523501714070638
289,1.8184047275119357
290,1.211551030476888
291,0.6990528106689453
292,0.27806705898708767
293,0.0
294,0.0
295,0.0
296,0.0
297,0.0
298,0.0
299,0.0
300,0.0
301,0.0
302,0.0
303,0.0
304,0.0
305,0.0
306,0.0
307,0.0
308,0.0
309,0.0
310,0.14053132798936632
311,0.464838875664605
312,0.875096321105957
313,1.3617695702446833
314,1.9000503751966689
315,2.472278277079264
316,3.053944375779894
317,3.6249181959364147
318,4.195053842332628
319,4.732448259989421
320,5.254569583468967
321,5.752814610799153
322,6.231466399298774
323,6.675457954406738
324,7.092444101969401
325,7.477830251057942
326,7.843372027079265
327,8.203368186950684
328,8.563746876186794
329,8.918756908840603
330,9.919277826944986
331,10.35862816704644
332,10.779752731323242
333,11.190992991129557
334,11.603287590874565
335,12.014486524793837
336,12.423703935411242
337,12.822345097859701
338,13.20730209350586
339,13.563674290974935
340,13.893216451009115
341,14.168708589341906
342,14.38682132297092
343,14.551156361897787
344,14.637071821424696
345,14.653703901502821
346,14.588078392876518
347,14.45145395067003
348,14.236204359266493
349,13.96725336710612
350,13.646344078911675
351,13.27145258585612
352,12.853894763522678
353,12.40764300028483
354,11.931396060519749
355,11.434641944037544
356,10.935855441623264
357,10.455658170912
358,10.001711315578884
359,9.585932625664604
360,10.49444940355089
361,10.319576263427734
362,10.190904405381945
363,10.101048151652018
364,10.05713250901964
365,10.044722027248806
366,10.050880644056532
367,10.048791037665474
368,10.02109103732639
369,9.92105484008789
370,9.753346972995335
371,9.481336805555555
372,9.10029411315918
373,8.632113138834635
374,8.053803973727756
375,7.391468683878581
376,6.643435690138075
377,5.831216706169976
378,4.97052722507053
379,4.107977019415961
380,3.2591496573554144
381,2.4431403477986655
382,1.6813341776529949
383,0.9994077682495117
384,0.41008949279785156
385,0.0
386,0.0
387,0.0
388,0.0
389,0.0
390,0.0
391,0.0
392,0.0
393,0.003035863240559896
394,0.06646580166286892
395,0.1565890842013889
396,0.26300960116916233
397,0.3782346513536241
398,0.5047633912828233
399,0.6354824701944987
400,0.7724179161919488
401,0.8928558561537001
402,1.007632679409451
403,1.1245828204684787
404,1.2314425574408636
405,1.3425026999579535
406,1.4493322372436523
407,1.5532461802164714
408,1.6753853691948786
409,1.7966487672593858
410,1.936192512512207
411,2.0865503946940103
412,2.2448062896728516
413,2.3981730143229165
414,2.5503418180677624
415,2.6889488432142468
416,2.8283839755588107
417,2.97821044921875
418,3.1411271625094943
419,3.3078055911593967
420,0.0
421,0.0
422,0.0
423,0.0
424,0.0
425,0.0
426,0.0
427,0.0
428,0.0
429,0.0
430,0.035522249009874135
431,0.1711357964409722
432,0.31093385484483504
433,0.468852784898546
434,0.6450176239013672
435,0.8558538224962022
436,1.0985528098212347
437,1.3733079698350694
438,1.696412828233507
439,2.0422490437825522
440,2.4250480863783093
441,2.832165824042426
442,3.2581488291422525
443,3.683720694647895
444,4.106005562676324
445,4.505287276373969
446,4.887228541904026
447,5.2570756276448565
448,5.618387328253852
449,5.961293114556207
450,7.943375905354817
451,8.216772079467773
452,8.42341317070855
453,8.578960630628798
454,8.69073920779758
455,8.765402899848091
456,8.81284925672743
457,8.836531639099121
458,8.854164017571343
459,8.870027330186632
460,8.900705973307291
461,8.931452433268229
462,8.970134523179796
463,9.015762541029188
464,9.042580922444662
465,9.050994449191624
466,9.024335013495552
467,8.964618047078451
468,8.863434261745876
469,8.731272485521105
470,8.566762076483833
471,8.36281246609158
472,8.12344233194987
473,7.8580427169799805
474,7.568260828653972
475,7.257452011108398
476,6.934598286946614
477,6.615231831868489
478,6.296701431274414
479,5.98600705464681
480,3.6312161551581488
481,3.004514906141493
482,2.4235751893785267
483,1.8951167000664606
484,1.3954475190904405
485,0.9535540474785699
486,0.5713600582546658
487,0.25067753261990017
488,0.001659393310546875
489,0.0
490,0.0
491,0.0
492,0.0
493,0.0
494,0.0
495,0.0
496,0.0
497,0.0
498,0.0
499,0.0
500,0.0
501,0.0
502,0.0
503,0.0
504,0.08848084343804254
505,0.3314717610677083
506,0.6175269020928277
507,0.9439055124918619
508,1.29628234439426
509,1.6469860076904297
510,2.305596669514974
511,2.839621967739529
512,3.391053941514757
513,3.9614539676242404
514,4.539732933044434
515,5.13832622104221
516,5.749959945678711
517,6.35477172003852
518,6.942069265577528
519,7.501869731479221
520,8.008163770039877
521,8.454126781887478
522,8.860354953342014
523,9.237642288208008
524,9.59885279337565
525,9.954775704277885
526,10.309954749213325
527,10.670660866631401
528,11.041012869940865
529,11.415013207329643
530,11.800351672702366
531,12.184295654296875
532,12.572959264119467
533,12.955412334865994
534,13.32378175523546
535,13.671948115030924
536,13.986661699083117
537,14.265011681450737
538,14.496029747856987
539,14.671461317274305
540,13.826000425550673
541,13.737186855740017
542,13.593136469523111
543,13.401141696506077
544,13.166285620795357
545,12.90434095594618
546,12.620534896850586
547,12.315447065565321
548,12.010695139567057
549,11.700731913248697
550,11.408768759833443
551,11.1191283331977
552,10.847850375705296
553,10.618379380967882
554,10.412411159939236
555,10.248466067843967
556,10.119823879665798
557,10.035212834676107
558,9.97852643330892
559,9.95897822909885
560,9.948582119411892
561,9.924303690592447
562,9.860764609442818
563,9.756041632758247
564,9.596331914265951
565,9.369468688964844
566,9.083067576090494
567,8.738159073723686
568,8.329681820339626
569,7.86569701300727
570,7.196691830952962
571,6.576183636983235
572,5.916429625617133
573,5.238453547159831
574,4.5336935255262585
575,3.8312784830729165
576,3.1395493613349066
577,2.4690432018703885
578,1.8489434983995225
579,1.2850364049275715
580,0.819403330485026
581,0.4381614261203342
582,0.14587084452311197
583,0.0
584,0.0
585,0.0
586,0.0
587,0.0
588,0.0
589,0.0
590,0.0
591,0.0
592,0.0
593,0.0
594,0.0
595,0.03314865960015191
596,0.08933173285590278
597,0.17453723483615452
598,0.29120445251464844
599,0.431979497273763
600,2.394413948059082
601,2.68447028266059
602,2.878982755872938
603,2.9886568917168512
604,3.0011781056722007
605,2.9163826836480036
606,2.745933002895779
607,2.4973885218302407
608,2.2060876422458224
609,1.9000413682725694
610,1.6192007064819336
611,1.371509763929579
612,1.1844348907470703
613,1.06251769595676
614,0.9833971659342448
615,0.9426699744330512
616,0.919897821214464
617,0.9040970272488065
618,0.9024551179673936
619,0.9057346979777018
620,0.9224870469835069
621,0.9433582093980577
622,0.9711911943223741
623,1.0036971833970811
624,1.0521427790323894
625,1.1113060845269098
626,1.1849064297146268
627,1.2853754891289606
628,1.4005072911580403
629,1.5265671412150066
630,0.6323062049018012
631,0.9024021360609267
632,1.2402333153618708
633,1.6391430960761175
634,2.076354556613498
635,2.5485478507147894
636,3.0372195773654513
637,3.5356590482923718
638,4.036486943562825
639,4.544686741299099
640,5.052179230584039
641,5.548603269788954
642,6.036737230088976
643,6.503984663221571
644,6.940808826022678
645,7.336462868584527
646,7.685155868530273
647,7.97934956020779
648,8.239578141106499
649,8.450297249688042
650,8.633210394117567
651,8.786378436618381
652,8.91526328192817
653,9.002388848198784
654,9.04563479953342
655,9.045516120062935
656,9.007398817274305
657,8.949362436930338
658,8.880400657653809
659,8.804452684190538
660,8.33459218343099
661,8.58730845981174
662,8.844985432094997
663,9.08715460035536
664,9.306703143649631
665,9.472279018825954
666,9.559786054823133
667,9.536844889322916
668,9.390218522813585
669,9.094423717922634
670,8.678104612562391
671,8.125228881835938
672,7.455226050482856
673,6.707790162828234
674,5.883397526211208
675,5.027750862969293
676,4.160559442308214
677,3.317765129937066
678,2.523501714070638
679,1.8184047275119357
680,1.211551030476888
681,0.6990528106689453
682,0.27806705898708767
683,0.0
684,0.0
685,0.0
686,0.0
687,0.0
688,0.0
689,0.0
690,0.0
691,0.0
692,0.0
693,0.0
694,0.0
695,0.0
696,0.0
697,0.0
698,0.0
699,0.0
700,0.14053132798936632
701,0.464838875664605
702,0.875096321105957
703,1.3617695702446833
704,1.9000503751966689
705,2.472278277079264
706,3.053944375779894
707,3.6249181959364147
708,4.195053842332628
709,4.732448259989421
710,5.254569583468967
711,5.752814610799153
712,6.231466399298774
713,6.675457954406738
714,7.092444101969401
715,7.477830251057942
716,7.843372027079265
717,8.203368186950684
718,8.563746876186794
719,8.918756908840603
720,9.919277826944986
721,10.35862816704644
722,10.779752731323242
723,11.190992991129557
724,11.603287590874565
725,12.014486524793837
726,12.423703935411242
727,12.822345097859701
728,13.20730209350586
729,13.563674290974935
730,13.893216451009115
731,14.168708589341906
732,14.38682132297092
733,14.551156361897787
734,14.637071821424696
735,14.653703901502821
736,14.588078392876518
737,14.45145395067003
738,14.236204359266493
739,13.96725336710612
740,13.646344078911675
741,13.27145258585612
742,12.853894763522678
743,12.40764300028483
744,11.931396060519749
745,11.434641944037544
746,10.935855441623264
747,10.455658170912
748,10.001711315578884
749,9.585932625664604
750,10.49444940355089
751,10.319576263427734
752,10.190904405381945
753,10.101048151652018
754,10.05713250901964
755,10.044722027248806
756,10.050880644056532
757,10.048791037665474
758,10.02109103732639
759,9.92105484008789
760,9.753346972995335
761,9.481336805555555
762,9.10029411315918
763,8.632113138834635
764,8.053803973727756
765,7.391468683878581
766,6.643435690138075
767,5.831216706169976
768,4.97052722507053
769,4.107977019415961
770,3.2591496573554144
771,2.4431403477986655
772,1.6813341776529949
773,0.9994077682495117
774,0.41008949279785156
775,0.0
776,0.0
777,0.0
778,0.0
779,0.0
780,0.0
781,0.0
782,0.0
783,0.003035863240559896
784,0.06646580166286892
785,0.1565890842013889
786,0.26300960116916233
787,0.3782346513536241
788,0.5047633912828233
789,0.6354824701944987
790,0.7724179161919488
791,0.8928558561537001
792,1.007632679409451
793,1.1245828204684787
794,1.2314425574408636
795,1.3425026999579535
796,1.4493322372436523
797,1.5532461802164714
798,1.6753853691948786
799,1.7966487672593858
800,1.936192512512207
801,2.0865503946940103
802,2.2448062896728516
803,2.3981730143229165
804,2.5503418180677624
805,2.6889488432142468
806,2.8283839755588107
807,2.97821044921875
808,3.1411271625094943
809,3.3078055911593967
810,7.511234813266331
811,7.9372819264729815
812,8.29526318444146
813,8.608264923095703
814,8.881453408135307
815,9.140691757202148
816,9.397187762790256
817,9.657953050401476
818,9.940027660793728
819,10.258807076348198
820,10.617657767401802
821,11.012290318806967
822,11.454286575317383
823,11.942435370551216
824,12.463963826497396
825,13.01012463039822
826,13.5621706644694
827,14.112405776977539
828,14.635789659288195
829,15.124644173516167
830,15.566185845269096
831,15.941170586480034
832,16.251103083292644
833,16.494522094726562
834,16.665034823947483
835,16.767961714002823
836,16.80651134914822
837,16.793816884358723
838,16.735998789469402
839,16.64132859971788
840,20.51124996609158
841,20.424253675672745
842,20.26833216349284
843,20.061844719780815
844,19.81411404079861
845,19.56960890028212
846,19.338756137424046
847,19.13227717081706
848,18.97586398654514
849,18.87168460422092
850,18.840293884277344
851,18.879017300075954
852,18.98763868543837
853,19.1584226820204
854,19.362432691786026
855,19.58682590060764
856,19.812660217285156
857,20.03040949503581
858,20.214852227105034
859,20.368425581190323
860,20.458410051133896
861,20.47854953342014
862,20.396563212076824
863,20.22616704305013
864,19.949845208062065
865,19.57848866780599
866,19.126773410373264
867,18.603803846571182
868,18.04041968451606
869,17.472118801540798
870,19.07743242051866
871,19.149369133843315
872,19.21520021226671
873,19.27729500664605
874,19.31738747490777
875,19.357465108235676
876,19.3879148695204
877,19.407217237684463
878,19.425667656792534
879,19.441218905978733
880,19.457901848687065
881,19.475843641493057
882,19.49225531684028
883,19.511436886257595
884,19.517457750108505
885,19.51444413926866
886,19.502148098415798
887,19.49326409233941
888,19.489576551649307
889,19.508902231852215
890,19.53539530436198
891,19.5809809366862
892,19.621861775716145
893,19.670062594943577
894,19.708436330159504
895,19.739180670844185
896,19.761814541286892
897,19.75656297471788
898,19.73016103108724
899,19.684011671278213
900,13.742898305257162
901,13.611782921685112
902,13.454553816053602
903,13.286976284450954
904,13.092843161688911
905,12.901986440022787
906,12.713342242770725
907,12.537107467651367
908,12.395426432291666
909,12.2998046875
910,12.274149788750542
911,12.317992316351997
912,12.423468695746529
913,12.585488425360786
914,12.772832446628147
915,12.975390752156576
916,13.175421820746529
917,13.365883297390408
918,13.541473812527126
919,13.703126907348633
920,13.82929907904731
921,13.926200866699219
922,13.974286185370552
923,13.984482023451063
924,13.952638838026258
925,13.885599772135416
926,13.799892001681858
927,13.693355984157986
928,13.582687377929688
929,13.477472729153103
930,14.225360022650825
931,14.13909912109375
932,14.071049160427517
933,14.019251929389107
934,13.957869211832682
935,13.908525043063694
936,13.862236870659721
937,13.817254172431099
938,13.781494564480251
939,13.750114440917969
940,13.727443483140734
941,13.708621131049263
942,13.69021627638075
943,13.681871626112196
944,13.670464621649849
945,13.665442996554905
946,13.667049407958984
947,13.684639400906033
948,13.721945020887587
949,13.787333170572916
950,13.86305703057183
951,13.957445356580946
952,14.050769805908203
953,14.1532654232449
954,14.256150987413195
955,14.35904926723904
956,14.466336568196615
957,14.560238520304361
958,14.645277659098307
959,14.719437493218315
960,13.918911616007486
961,13.983205159505209
962,14.07965342203776
963,14.209687974717882
964,14.35195287068685
965,14.533014297485352
966,14.751970503065321
967,15.01029544406467
968,15.309821234809029
969,15.642433166503906
970,15.993690490722656
971,16.356205410427517
972,16.716408199734158
973,17.07892100016276
974,17.426685757107204
975,17.7561092376709
976,18.048879835340713
977,18.29596201578776
978,18.482850392659504
979,18.609034220377605
980,18.658917744954426
981,18.649910820855034
982,18.591832054985893
983,18.51739035712348
984,18.444828457302517
985,18.40266333685981
986,18.41331058078342
987,18.473065694173176
988,18.597157796223957
989,18.78348880343967
990,18.704664442274307
991,18.746443854437935
992,18.779195149739582
993,18.807390001085068
994,18.814188639322918
995,18.823331197102863
996,18.826092614067925
997,18.821262783474392
998,18.81986406114366
999,18.81960127088759
1000,18.82602267795139
1001,18.838477664523655
1002,18.854141235351562
1003,18.87650383843316
1004,18.888189527723526
1005,18.89257854885525
1006,18.888138665093315
1007,18.886165618896484
1008,18.887591891818577
1009,18.90891604953342
1010,18.9333979288737
1011,18.97196027967665
1012,19.00042215983073
1013,19.030914306640625
1014,19.0471437242296
1015,19.051509433322483
1016,19.045098622639973
1017,19.00983174641927
1018,18.95335939195421
1019,18.87852562798394
1020,19.061684078640408
1021,19.132715861002605
1022,19.197824266221787
1023,19.259346856011284
1024,19.29897732204861
1025,19.33861626519097
1026,19.368546803792317
1027,19.387130737304688
1028,19.40456814236111
1029,19.41870159573025
1030,19.43359375
1031,19.449342091878254
1032,19.4632085164388
1033,19.479620191786026
1034,19.48270585801866
1035,19.476759168836807
1036,19.461650848388672
1037,19.450191921657986
1038,19.444249471028645
1039,19.461699591742622
1040,19.48666042751736
1041,19.531033833821613
1042,19.570980072021484
1043,19.618492126464844
1044,19.65643776787652
1045,19.686927795410156
1046,19.709495968288845
1047,19.704322814941406
1048,19.678090413411457
1049,19.63216569688585
1050,24.228426615397137
1051,24.360332489013672
1052,24.47943581475152
1053,24.593840705023872
1054,24.698433346218533
1055,24.819810655381943
1056,24.956804911295574
1057,25.11784447564019
1058,25.316598680284287
1059,25.557382371690537
1060,25.825850168863933
1061,26.126759847005207
1062,26.451390584309895
1063,26.789860195583767
1064,27.124943203396267
1065,27.44049072265625
1066,27.72995842827691
1067,27.996980879041885
1068,28.228848775227863
1069,28.441912333170574
1070,28.62154218885634
1071,28.785557217068142
1072,28.92252180311415
1073,29.054381052652996
1074,29.16737238566081
1075,29.28086386786567
1076,29.386160108778213
1077,29.457884894476997
1078,29.498986138237846
1079,29.50824737548828
1080,27.549766964382595
1081,27.70467546251085
1082,27.84923765394423
1083,27.98354254828559
1084,28.102921379937065
1085,28.227522108289932
1086,28.34810468885634
1087,28.462142944335938
1088,28.57588873969184
1089,28.684825897216797
1090,28.771898481580948
1091,28.845965067545574
1092,28.91059027777778
1093,28.977055019802517
1094,29.045817057291668
1095,29.120441012912327
1096,29.211510552300346
1097,29.335689544677734
1098,29.47709189520942
1099,29.654693603515625
1100,29.84381569756402
1101,30.0533570183648
1102,30.26479932996962
1103,30.499231550428604
1104,30.73709275987413
1105,30.99432839287652
1106,31.2563599480523
1107,31.488064659966362
1108,31.688147650824654
1109,31.853186289469402
1110,30.96645779079861
1111,31.35477277967665
1112,31.686375935872395
1113,31.960459815131294
1114,32.17219882541232
1115,32.31733957926432
1116,32.38379160563151
1117,32.38107681274414
1118,32.32493930392795
1119,32.23437839084201
1120,32.10080888536241
1121,31.94369633992513
1122,31.756167941623264
1123,31.539196438259548
1124,31.303829616970486
1125,31.05770534939236
1126,30.815143585205078
1127,30.580855475531685
1128,30.318376753065323
1129,30.02554151746962
1130,29.65232213338216
1131,29.195071326361763
1132,28.62547556559245
1133,27.97276390923394
1134,27.22863515218099
1135,26.444706386990017
1136,25.6317138671875
1137,24.780888027615017
1138,23.91137652926975
1139,23.04709964328342
1140,23.61609141031901
1141,22.496604919433594
1142,21.392241583930122
1143,20.309783087836372
1144,19.2572996351454
1145,18.25341542561849
1146,17.277762095133465
1147,16.30820804172092
1148,15.34306632147895
1149,14.333084954155815
1150,13.297710418701172
1151,12.212462955050999
1152,11.080710093180338
1153,9.914844301011827
1154,8.69449774424235
1155,7.445013258192274
1156,6.192726559109158
1157,4.979897075229221
1158,3.8349586062961154
1159,2.8129042519463434
1160,1.9200171364678278
1161,1.1866691377427843
1162,0.5889140235053169
1163,0.154163572523329
1164,0.0
1165,0.0
1166,0.0
1167,0.0
1168,0.0
1169,0.0
1170,1.323780483669705
1171,1.0058116912841797
1172,0.7331434885660807
1173,0.514283710055881
1174,0.31777381896972656
1175,0.17073207431369358
1176,0.06721284654405382
1177,0.0021722581651475695
1178,0.0
1179,0.0
1180,0.03384590148925781
1181,0.08366902669270833
1182,0.14817767673068577
1183,0.23437605963812935
1184,0.32797495524088544
1185,0.43942027621799046
1186,0.557291242811415
1187,0.6783538394504123
1188,0.8203665415445963
1189,0.9637186262342665
1190,1.127314567565918
1191,1.307721667819553
1192,1.5066364076402452
1193,1.716744105021159
1194,1.9471746020846896
1195,2.1860922707451715
1196,2.44624932607015
1197,2.73014333513048
1198,3.0332104365030923
1199,3.337042596605089
1200,3.185394605000814
1201,3.1590069664849176
1202,2.996870676676432
1203,2.7163690990871854
1204,2.3038085301717124
1205,1.774393187628852
1206,1.1598772472805448
1207,0.4887745115492079
1208,0.0
1209,0.0
1210,0.0
1211,0.0
1212,0.0
1213,0.0
1214,0.0
1215,0.0
1216,0.0
1217,0.0
1218,0.0
1219,0.0
1220,0.0
1221,0.0
1222,0.0
1223,0.0
1224,0.0
1225,0.0
1226,0.0
1227,0.0
1228,0.0
1229,0.09118292066786024
1230,0.9027666515774198
1231,1.3927125930786133
1232,1.979091962178548
1233,2.634326616923014
1234,3.335262934366862
1235,4.066071510314941
1236,4.802778561909993
1237,5.521432558695476
1238,6.19691636827257
1239,6.813476350572374
1240,7.343960867987739
1241,7.7750396728515625
1242,8.116061952379015
1243,8.372081650627983
1244,8.554507361518013
1245,8.67473284403483
1246,8.746106359693739
1247,8.779482311672634
1248,8.80024962955051
1249,8.810058169894749
1250,8.829261991712782
1251,8.856815232170952
1252,8.89881451924642
1253,8.939679463704428
1254,8.97007942199707
1255,8.982530170016819
1256,8.968287573920357
1257,8.93437279595269
1258,8.878075811598036
1259,8.798762427435982
1260,9.479585223727756
1261,9.368210898505318
1262,9.170682695176867
1263,8.883791499667698
1264,8.494922320048014
1265,8.001727528042263
1266,7.403846316867405
1267,6.701896455552843
1268,5.924528969658746
1269,5.087438159518772
1270,4.254201783074273
1271,3.428486188252767
1272,2.6374509599473743
1273,1.9191127353244357
1274,1.2726995680067275
1275,0.7284058464898003
1276,0.28843137953016496
1277,0.0
1278,0.0
1279,0.0
1280,0.0
1281,0.0
1282,0.0
1283,0.0
1284,0.0
1285,0.09573300679524739
1286,0.21925396389431423
1287,0.35585933261447483
1288,0.5094888475206163
1289,0.684769418504503
1290,0.3385660383436415
1291,0.35876909891764325
1292,0.4043769836425781
1293,0.4902219772338867
1294,0.592649777730306
1295,0.7289981842041016
1296,0.8899720509847006
1297,1.0820664299858942
1298,1.3156821992662218
1299,1.6126346588134766
1300,1.9787295659383137
1301,2.410037252638075
1302,2.9129340913560657
1303,3.4737851884629993
1304,4.079057375590007
1305,4.710331492953831
1306,5.352063708835178
1307,5.9836165110270185
1308,6.612179544236925
1309,7.200400564405653
1310,7.759714126586914
1311,8.276627328660753
1312,8.75272274017334
1313,9.166995154486763
1314,9.521863725450304
1315,9.81981807284885
1316,10.07157113817003
1317,10.29354731241862
1318,10.496784845987955
1319,10.681717130872938
1320,11.987443500094944
1321,12.31333096822103
1322,12.62770970662435
1323,12.93334854973687
1324,13.232593536376953
1325,13.512136671278212
1326,13.762195375230577
1327,13.968372344970703
1328,14.127523634168837
1329,14.221392737494575
1330,14.251011742485893
1331,14.189643859863281
1332,14.042282104492188
1333,13.824986351860893
1334,13.524107403225369
1335,13.167976803249783
1336,12.76485866970486
1337,12.3482788933648
1338,11.92647827996148
1339,11.534794701470268
1340,11.178694831000435
1341,10.855389700995552
1342,10.564662085639107
1343,10.311787923177084
1344,10.083198547363281
1345,9.871390660603842
1346,9.675128724839952
1347,9.488327238294813
1348,9.293567869398329
1349,9.082958433363173
1350,10.283095041910807
1351,10.226171281602648
1352,10.16018443637424
1353,10.074203279283312
1354,9.962828954060873
1355,9.809936947292751
1356,9.59427939520942
1357,9.282314512464735
1358,8.866555425855848
1359,8.319074312845865
1360,7.672183248731825
1361,6.915947596232097
1362,6.07627550760905
1363,5.205650329589844
1364,4.312364260355632
1365,3.4463432100084095
1366,2.625819312201606
1367,1.8772882885403104
1368,1.2134393056233723
1369,0.6619813707139757
1370,0.21891276041666666
1371,0.0
1372,0.0
1373,0.0
1374,0.0
1375,0.0
1376,0.0
1377,0.0
1378,0.0
1379,0.0
1380,0.1721276177300347
1381,0.32874955071343315
1382,0.5301358964708116
1383,0.7785823610093858
1384,1.0462692048814561
1385,1.3399277793036566
1386,1.6444163852267795
1387,1.9415389166937933
1388,2.2247897254096136
1389,2.4762376149495444
1390,2.693327267964681
1391,2.8498813841078015
1392,2.955503993564182
1393,3.0157497194078235
1394,3.013981713189019
1395,2.96694278717041
1396,2.8685903549194336
1397,2.7287398444281683
1398,2.5779136021931968
1399,2.4144506454467773
1400,2.2662284639146595
1401,2.1350828806559243
1402,2.0233594046698675
1403,1.9243330425686307
1404,1.8422820832994249
1405,1.766061782836914
1406,1.7081016964382596
1407,1.6775973637898762
1408,1.671404308742947
1409,1.6797267066107855
1410,0.0
1411,0.0
1412,0.0
1413,0.0
1414,0.0
1415,0.0
1416,0.0
1417,0.0
1418,0.0
1419,0.028906928168402776
1420,0.24151590135362414
1421,0.5017773310343424
1422,0.8213769065009223
1423,1.1997350056966145
1424,1.6213623682657878
1425,2.0801798502604165
1426,2.55944463941786
1427,3.0459345711602106
1428,3.551813761393229
1429,4.046870867411296
1430,4.5469225777520075
1431,5.040966669718425
1432,5.528860621982151
1433,5.992324087354872
1434,6.434128549363878
1435,6.843722661336263
1436,7.2305647532145185
1437,7.606558269924587
1438,7.978103425767687
1439,8.338905970255533
1440,8.594928317599827
1441,8.77252631717258
1442,8.918382856580946
1443,9.041188557942709
1444,9.152399698893229
1445,9.249083201090494
1446,9.336364534166124
1447,9.413190417819553
1448,9.487372504340279
1449,9.548570844862196
1450,9.61489889356825
1451,9.657502704196506
1452,9.674434661865234
1453,9.668094846937391
1454,9.603768454657661
1455,9.48789914449056
1456,9.302698771158854
1457,9.054008060031467
1458,8.735282156202528
1459,8.36633947160509
1460,7.945810423956977
1461,7.470153172810872
1462,6.947813034057617
1463,6.395053863525391
1464,5.817979176839192
1465,5.224398507012261
1466,4.638122982449001
1467,4.084108140733507
1468,3.5683102077907987
1469,3.105700280931261
1470,1.531778441535102
1471,1.0909281836615667
1472,0.7346757253011068
1473,0.4534827338324653
1474,0.20965576171875
1475,0.0279129876030816
1476,0.0
1477,0.0
1478,0.0
1479,0.0
1480,0.0
1481,0.0
1482,0.0
1483,0.0
1484,0.0
1485,0.0
1486,0.0
1487,0.055255889892578125
1488,0.14673656887478298
1489,0.25998539394802517
1490,0.41819148593478733
1491,0.6231906678941515
1492,0.8777761459350586
1493,1.1720026863945856
1494,1.5086327658759222
1495,1.865566571553548
1496,2.245544857449002
1497,2.645231352912055
1498,3.0559142430623374
1499,3.453222910563151
1500,6.026987499660915
1501,6.550565295749241
1502,7.023763656616211
1503,7.46692869398329
1504,7.881049050225152
1505,8.284912109375
1506,8.686226738823784
1507,9.083326127794054
1508,9.48630862765842
1509,9.90150875515408
1510,10.314467748006185
1511,10.719296137491861
1512,11.129193835788303
1513,11.538340250651041
1514,11.937488979763454
1515,12.320562998453775
1516,12.676481670803494
1517,13.008217281765408
1518,13.308992385864258
1519,13.583145141601562
1520,13.836121029324001
1521,14.063288370768229
1522,14.273318184746635
1523,14.4682248433431
1524,14.643963707817925
1525,14.801271226671007
1526,14.926472769843208
1527,15.016276041666666
1528,15.053627226087782
1529,15.027910868326822
1530,13.423147201538086
1531,13.17503187391493
1532,12.876727845933702
1533,12.538518905639648
1534,12.170702616373697
1535,11.797091166178385
1536,11.43087493048774
1537,11.079288058810764
1538,10.766452153523764
1539,10.484419928656685
1540,10.258281495836046
1541,10.067401462131077
1542,9.917893939548069
1543,9.824228286743164
1544,9.75346565246582
1545,9.709871080186632
1546,9.668521881103516
1547,9.620952606201172
1548,9.54160902235243
1549,9.43471908569336
1550,9.271375868055555
1551,9.036650127834744
1552,8.716946178012424
1553,8.325245115492079
1554,7.865827878316243
1555,7.340783013237847
1556,6.775306595696343
1557,6.186703575981988
1558,5.58224360148112
1559,4.977531433105469
1560,1.8438757790459528
1561,1.3853624131944444
1562,0.9777323404947916
1563,0.6260315577189127
1564,0.30066172281901044
1565,0.032590230305989586
1566,0.0
1567,0.0
1568,0.0
1569,0.0
1570,0.0
1571,0.0
1572,0.0
1573,0.0
1574,0.0
1575,0.058028962877061635
1576,0.20583682590060765
1577,0.35696453518337673
1578,0.524699952867296
1579,0.6894604365030924
1580,0.8689244588216146
1581,1.0614766014946833
1582,1.2719938490125868
1583,1.4964924918280706
1584,1.7452854580349393
1585,2.006842295328776
1586,2.290531794230143
1587,2.5964567396375866
1588,2.916778988308377
1589,3.231423166063097
1590,3.609068128797743
1591,3.6169115702311196
1592,3.5303942362467446
1593,3.35323068830702
1594,3.0714639027913413
1595,2.690672344631619
1596,2.237023777431912
1597,1.7350678973727756
1598,1.229289902581109
1599,0.7542832692464193
1600,0.342961417304145
1601,0.0013637542724609375
1602,0.0
1603,0.0
1604,0.0
1605,0.0
1606,0.0
1607,0.0
1608,0.0
1609,0.0
1610,0.0
1611,0.0
1612,0.017218059963650174
1613,0.07774988810221355
1614,0.15363375345865884
1615,0.24728033277723524
1616,0.36009470621744794
1617,0.5009142557779948
1618,0.6535212198893229
1619,0.8111953735351562
1620,0.9193579355875651
1621,1.3981527752346463
1622,1.9685098859998915
1623,2.603170077006022
1624,3.2789654201931424
1625,3.9802858564588757
1626,4.684428638882107
1627,5.368999375237359
1628,6.010995441012913
1629,6.596588028801812
1630,7.10084703233507
1631,7.511331770155165
1632,7.837834888034397
1633,8.085286882188585
1634,8.264213667975532
1635,8.385099834865994
1636,8.46017042795817
1637,8.499048021104601
1638,8.526255289713541
1639,8.542475170559353
1640,8.567353884379068
1641,8.599407937791613
1642,8.644589318169487
1643,8.687564002143013
1644,8.719735145568848
1645,8.733855353461372
1646,8.721653090582954
1647,8.69071430630154
1648,8.638492160373264
1649,8.564706908331978
1650,9.479585223727756
1651,9.368210898505318
1652,9.170682695176867
1653,8.883791499667698
1654,8.494922320048014
1655,8.001727528042263
1656,7.403846316867405
1657,6.701896455552843
1658,5.924528969658746
1659,5.087438159518772
1660,4.254201783074273
1661,3.428486188252767
1662,2.6374509599473743
1663,1.9191127353244357
1664,1.2726995680067275
1665,0.7284058464898003
1666,0.28843137953016496
1667,0.0
1668,0.0
1669,0.0
1670,0.0
1671,0.0
1672,0.0
1673,0.0
1674,0.0
1675,0.09573300679524739
1676,0.21925396389431423
1677,0.35585933261447483
1678,0.5094888475206163
1679,0.684769418504503
1680,0.3385660383436415
1681,0.35876909891764325
1682,0.4043769836425781
1683,0.4902219772338867
1684,0.592649777730306
1685,0.7289981842041016
1686,0.8899720509847006
1687,1.0820664299858942
1688,1.3156821992662218
1689,1.6126346588134766
1690,1.9787295659383137
1691,2.410037252638075
1692,2.9129340913560657
1693,3.4737851884629993
1694,4.079057375590007
1695,4.710331492953831
1696,5.352063708835178
1697,5.9836165110270185
1698,6.612179544236925
1699,7.200400564405653
1700,7.759714126586914
1701,8.276627328660753
1702,8.75272274017334
1703,9.166995154486763
1704,9.521863725450304
1705,9.81981807284885
1706,10.07157113817003
1707,10.29354731241862
1708,10.496784845987955
1709,10.681717130872938
1710,11.987443500094944
1711,12.31333096822103
1712,12.62770970662435
1713,12.93334854973687
1714,13.232593536376953
1715,13.512136671278212
1716,13.762195375230577
1717,13.968372344970703
1718,14.127523634168837
1719,14.221392737494575
1720,14.251011742485893
1721,14.189643859863281
1722,14.042282104492188
1723,13.824986351860893
1724,13.524107403225369
1725,13.167976803249783
1726,12.76485866970486
1727,12.3482788933648
1728,11.92647827996148
1729,11.534794701470268
1730,11.178694831000435
1731,10.855389700995552
1732,10.564662085639107
1733,10.311787923177084
1734,10.083198547363281
1735,9.871390660603842
1736,9.675128724839952
1737,9.488327238294813
1738,9.293567869398329
1739,9.082958433363173
1740,10.283095041910807
1741,10.226171281602648
1742,10.16018443637424
1743,10.074203279283312
1744,9.962828954060873
1745,9.809936947292751
1746,9.59427939520942
1747,9.282314512464735
1748,8.866555425855848
1749,8.319074312845865
1750,7.672183248731825
1751,6.915947596232097
1752,6.07627550760905
1753,5.205650329589844
1754,4.312364260355632
1755,3.4463432100084095
1756,2.625819312201606
1757,1.8772882885403104
1758,1.2134393056233723
1759,0.6619813707139757
1760,0.21891276041666666
1761,0.0
1762,0.0
1763,0.0
1764,0.0
1765,0.0
1766,0.0
1767,0.0
1768,0.0
1769,0.0
1770,0.1721276177300347
1771,0.32874955071343315
1772,0.5301358964708116
1773,0.7785823610093858
1774,1.0462692048814561
1775,1.3399277793036566
1776,1.6444163852267795
1777,1.9415389166937933
1778,2.2247897254096136
1779,2.4762376149495444
1780,2.693327267964681
1781,2.8498813841078015
1782,2.955503993564182
1783,3.0157497194078235
1784,3.013981713189019
1785,2.96694278717041
1786,2.8685903549194336
1787,2.7287398444281683
1788,2.5779136021931968
1789,2.4144506454467773
1790,2.2662284639146595
1791,2.1350828806559243
1792,2.0233594046698675
1793,1.9243330425686307
1794,1.8422820832994249
1795,1.766061782836914
1796,1.7081016964382596
1797,1.6775973637898762
1798,1.671404308742947
1799,1.6797267066107855
1800,0.0
1801,0.0
1802,0.0
1803,0.0
1804,0.0
1805,0.0
1806,0.0
1807,0.0
1808,0.0
1809,0.028906928168402776
1810,0.24151590135362414
1811,0.5017773310343424
1812,0.8213769065009223
1813,1.1997350056966145
1814,1.6213623682657878
1815,2.0801798502604165
1816,2.55944463941786
1817,3.0459345711602106
1818,3.551813761393229
1819,4.046870867411296
1820,4.5469225777520075
1821,5.040966669718425
1822,5.528860621982151
1823,5.992324087354872
1824,6.434128549363878
1825,6.843722661336263
1826,7.2305647532145185
1827,7.606558269924587
1828,7.978103425767687
1829,8.338905970255533
1830,8.594928317599827
1831,8.77252631717258
1832,8.918382856580946
1833,9.041188557942709
1834,9.152399698893229
1835,9.249083201090494
1836,9.336364534166124
1837,9.413190417819553
1838,9.487372504340279
1839,9.548570844862196
1840,9.61489889356825
1841,9.657502704196506
1842,9.674434661865234
1843,9.668094846937391
1844,9.603768454657661
1845,9.48789914449056
1846,9.302698771158854
1847,9.054008060031467
1848,8.735282156202528
1849,8.36633947160509
1850,7.945810423956977
1851,7.470153172810872
1852,6.947813034057617
1853,6.395053863525391
1854,5.817979176839192
1855,5.224398507012261
1856,4.638122982449001
1857,4.084108140733507
1858,3.5683102077907987
1859,3.105700280931261
1860,1.531778441535102
1861,1.0909281836615667
1862,0.7346757253011068
1863,0.4534827338324653
1864,0.20965576171875
1865,0.0279129876030816
1866,0.0
1867,0.0
1868,0.0
1869,0.0
1870,0.0
1871,0.0
1872,0.0
1873,0.0
1874,0.0
1875,0.0
1876,0.0
1877,0.055255889892578125
1878,0.14673656887478298
1879,0.25998539394802517
1880,0.41819148593478733
1881,0.6231906678941515
1882,0.8777761459350586
1883,1.1720026863945856
1884,1.5086327658759222
1885,1.865566571553548
1886,2.245544857449002
1887,2.645231352912055
1888,3.0559142430623374
1889,3.453222910563151
1890,6.026987499660915
1891,6.550565295749241
1892,7.023763656616211
1893,7.46692869398329
1894,7.881049050225152
1895,8.284912109375
1896,8.686226738823784
1897,9.083326127794054
1898,9.48630862765842
1899,9.90150875515408
1900,10.314467748006185
1901,10.719296137491861
1902,11.129193835788303
1903,11.538340250651041
1904,11.937488979763454
1905,12.320562998453775
1906,12.676481670803494
1907,13.008217281765408
1908,13.308992385864258
1909,13.583145141601562
1910,13.836121029324001
1911,14.063288370768229
1912,14.273318184746635
1913,14.4682248433431
1914,14.643963707817925
1915,14.801271226671007
1916,14.926472769843208
1917,15.016276041666666
1918,15.053627226087782
1919,15.027910868326822
1920,13.423146141899956
1921,13.17503187391493
1922,12.876726786295572
1923,12.538517846001518
1924,12.170701556735569
1925,11.797087987263998
1926,11.430871751573351
1927,11.079285939534506
1928,10.766450034247505
1929,10.484417809380425
1930,10.258279376559788
1931,10.067400402492947
1932,9.91789182027181
1933,9.824226167466906
1934,9.753463533189562
1935,9.709867901272244
1936,9.668518702189127
1937,9.620949427286783
1938,9.541604783799913
1939,9.434714847140842
1940,9.271372689141167
1941,9.036645889282227
1942,8.716941409640842
1943,8.325240347120497
1944,7.865822580125597
1945,7.3407777150472
1946,6.775301297505696
1947,6.186697747972277
1948,5.582237243652344
1949,4.977526134914822
1950,1.8438747194078233
1951,1.3853608237372503
1952,0.977731810675727
1953,0.6260310278998481
1954,0.3006606631808811
1955,0.03258917066786024
1956,0.0
1957,0.0
1958,0.0
1959,0.0
1960,0.0
1961,0.0
1962,0.0
1963,0.0
1964,0.0
1965,0.058028962877061635
1966,0.20583682590060765
1967,0.3569634755452474
1968,0.5246988932291666
1969,0.6894593768649631
1970,0.8689239290025499
1971,1.0614760716756184
1972,1.2719933191935222
1973,1.4964914321899414
1974,1.7452854580349393
1975,2.006842295328776
1976,2.2905312644110785
1977,2.596456209818522
1978,2.9167795181274414
1979,3.231423166063097
1980,0.5776807996961806
1981,0.8895677990383573
1982,1.2773195902506511
1983,1.7193820741441515
1984,2.188278834025065
1985,2.6779503292507596
1986,3.1719870037502713
1987,3.6605310440063477
1988,4.133244090610081
1989,4.589365853203668
1990,5.015100902981228
1991,5.40040651957194
1992,5.754210154215495
1993,6.0772959391276045
1994,6.373905605740017
1995,6.646219889322917
1996,6.897116237216526
1997,7.124791675143772
1998,7.346922556559245
1999,7.54914124806722
2000,7.746867603725857
2001,7.933190663655599
2002,8.110900984870064
2003,8.261828952365452
2004,8.380731476677788
2005,8.462478319803873
2006,8.506178326076931
2007,8.525258170233833
2008,8.524960411919487
2009,8.508324093288845
2010,15.400587717692057
2011,15.91888427734375
2012,16.40019310845269
2013,16.86065567864312
2014,17.30388641357422
2015,17.722849316067165
2016,18.10839123196072
2017,18.453727298312717
2018,18.76334720187717
2019,19.03784645928277
2020,19.276017083062065
2021,19.46587668524848
2022,19.607628716362846
2023,19.70801035563151
2024,19.751370747884113
2025,19.748865763346355
2026,19.702139960394966
2027,19.639625549316406
2028,19.56357744004991
2029,19.51298607720269
2030,19.492742750379776
2031,19.50520197550456
2032,19.55216513739692
2033,19.63452868991428
2034,19.730510711669922
2035,19.8351075914171
2036,19.936692979600693
2037,20.01659393310547
2038,20.052820841471355
2039,20.026556650797527
2040,19.17620129055447
2041,19.253595140245224
2042,19.325025346544052
2043,19.392500983344185
2044,19.437508053249783
2045,19.481631384955513
2046,19.515033298068577
2047,19.536192152235245
2048,19.555367363823784
2049,19.570770263671875
2050,19.58645290798611
2051,19.60285186767578
2052,19.617256588406033
2053,19.634225633409287
2054,19.638131459554035
2055,19.63325924343533
2056,19.619674682617188
2057,19.610349867078995
2058,19.60715823703342
2059,19.62815178765191
2060,19.657457139756943
2061,19.70702913072374
2062,19.75298563639323
2063,19.80719248453776
2064,19.852205912272137
2065,19.890111287434895
2066,19.920145670572918
2067,19.922197129991318
2068,19.902928670247395
2069,19.86355251736111
2070,19.06670888264974
2071,19.13810306125217
2072,19.20355902777778
2073,19.265399509006077
2074,19.305313958062065
2075,19.3451902601454
2076,19.37532636854384
2077,19.39410951402452
2078,19.411752488878037
2079,19.426133897569443
2080,19.441307915581596
2081,19.45738474527995
2082,19.471617804633247
2083,19.4884279039171
2084,19.491937425401474
2085,19.486414591471355
2086,19.471721649169922
2087,19.460663265652126
2088,19.45509804619683
2089,19.472902086046005
2090,19.498212602403427
2091,19.54293992784288
2092,19.583252800835503
2093,19.631161159939236
2094,19.669511583116318
2095,19.700436062282986
2096,19.723449283176
2097,19.718712700737846
2098,19.692916870117188
2099,19.647401173909504
2100,14.27427503797743
2101,14.197087817721897
2102,14.1372193230523
2103,14.092524846394857
2104,14.036865234375
2105,13.991608089870876
2106,13.947795232137045
2107,13.904105292426216
2108,13.868857489691841
2109,13.838076061672634
2110,13.816564348008898
2111,13.799993726942274
2112,13.784802754720053
2113,13.780302471584744
2114,13.773020638359917
2115,13.771802054511177
2116,13.776488833957249
2117,13.796197043524849
2118,13.834648132324219
2119,13.90041881137424
2120,13.975851270887587
2121,14.06966421339247
2122,14.16218015882704
2123,14.263670179578993
2124,14.365331861707899
2125,14.466883341471354
2126,14.57270728217231
2127,14.665243360731337
2128,14.749306572808159
2129,14.822918574015299
2130,14.386068979899088
2131,14.229668511284721
2132,14.12054697672526
2133,14.061656528049046
2134,14.035658306545681
2135,14.063794877794054
2136,14.14077017042372
2137,14.257850646972656
2138,14.411112467447916
2139,14.575487772623697
2140,14.732820722791883
2141,14.864587783813477
2142,14.960835774739584
2143,15.03559324476454
2144,15.079947577582466
2145,15.111252466837565
2146,15.131335788302952
2147,15.150956047905815
2148,15.16923056708442
2149,15.194252861870659
2150,15.212650299072266
2151,15.235199398464626
2152,15.26216295030382
2153,15.318093829684788
2154,15.40890163845486
2155,15.548686981201172
2156,15.746660232543945
2157,15.978162553575304
2158,16.237417856852215
2159,16.512957678900825
2160,18.69026819864909
2161,18.807527754041885
2162,18.94568549262153
2163,19.097326066758896
2164,19.234288533528645
2165,19.371693929036457
2166,19.49302037556966
2167,19.587985144721138
2168,19.65760548909505
2169,19.691318935818142
2170,19.68105740017361
2171,19.626681009928387
2172,19.529518551296658
2173,19.40675947401259
2174,19.256460401746963
2175,19.097860124376083
2176,18.942828708224827
2177,18.814347585042317
2178,18.71998469034831
2179,18.67963155110677
2180,18.679050869411892
2181,18.7315919664171
2182,18.815862867567276
2183,18.944727579752605
2184,19.102609422471787
2185,19.28900400797526
2186,19.497297075059677
2187,19.695922003851997
2188,19.88154517279731
2189,20.043330722384983
2190,19.07509273952908
2191,19.14688958062066
2192,19.21250237358941
2193,19.274342854817707
2194,19.314185248480904
2195,19.354065789116753
2196,19.384422302246094
2197,19.403764936659073
2198,19.422412448459202
2199,19.438336690266926
2200,19.45555369059245
2201,19.47418212890625
2202,19.49141608344184
2203,19.511498345269096
2204,19.518468644883896
2205,19.51639175415039
2206,19.50497097439236
2207,19.49684566921658
2208,19.49376000298394
2209,19.513505299886067
2210,19.540239969889324
2211,19.58587858412001
2212,19.626649220784504
2213,19.674578772650825
2214,19.71254560682509
2215,19.74276860555013
2216,19.76479212443034
2217,19.75887722439236
2218,19.731792873806423
2219,19.684969584147137
2220,22.059029473198784
2221,22.179556952582466
2222,22.295089297824436
2223,22.410024007161457
2224,22.51218583848741
2225,22.62830098470052
2226,22.7540037367079
2227,22.89353476630317
2228,23.05837843153212
2229,23.249342176649307
2230,23.457109663221573
2231,23.683925204806858
2232,23.923511505126953
2233,24.17170630560981
2234,24.412430657280815
2235,24.63747236463759
2236,24.84257592095269
2237,25.035557217068142
2238,25.210751427544487
2239,25.385593838161892
2240,25.547409057617188
2241,25.712513393825954
2242,25.864777035183376
2243,26.02092530992296
2244,26.16413116455078
2245,26.304889255099827
2246,26.436138153076172
2247,26.533618503146702
2248,26.601999070909287
2249,26.639832390679253
2250,28.171607123480904
2251,28.370390997992622
2252,28.546547359890408
2253,28.702566358778213
2254,28.835485246446396
2255,28.96055009629991
2256,29.067293802897137
2257,29.15487289428711
2258,29.230552249484592
2259,29.293850792778862
2260,29.32736078898112
2261,29.34155993991428
2262,29.337408277723526
2263,29.32276831732856
2264,29.30267122056749
2265,29.282911088731552
2266,29.27579667833116
2267,29.293657938639324
2268,29.313394758436417
2269,29.344832102457683
2270,29.354911380343967
2271,29.34710184733073
2272,29.299854702419704
2273,29.237064785427517
2274,29.14397981431749
2275,29.048728942871094
2276,28.94550111558702
2277,28.808104197184246
2278,28.641512129041885
2279,28.451307084825302
2280,28.2932005988227
2281,28.56231901380751
2282,28.824384477403427
2283,29.074865976969402
2284,29.30443657769097
2285,29.522709316677517
2286,29.718185000949436
2287,29.89225811428494
2288,30.05253897772895
2289,30.20279990302192
2290,30.32594045003255
2291,30.434835222032333
2292,30.52771250406901
2293,30.611707899305557
2294,30.68648232354058
2295,30.752184126112198
2296,30.819937388102215
2297,30.90730243259006
2298,31.001226637098526
2299,31.124816470676
2300,31.255711449517143
2301,31.408492194281685
2302,31.567514207628037
2303,31.75465265909831
2304,31.9503657023112
2305,32.17423968844943
2306,32.41004308064779
2307,32.62045542399088
2308,32.80218972100152
2309,32.94878853691949
2310,31.861324310302734
2311,31.197505527072483
2312,30.50010257297092
2313,29.781424204508465
2314,29.060582054985893
2315,28.34147771199544
2316,27.616664038764107
2317,26.895455254448784
2318,26.19140836927626
2319,25.489226447211372
2320,24.793565538194443
2321,24.088175031873917
2322,23.34294213189019
2323,22.526846991644966
2324,21.614350212944878
2325,20.60026592678494
2326,19.494319491916233
2327,18.313268025716145
2328,17.052385542127823
2329,15.753409067789713
2330,14.409370422363281
2331,13.056516647338867
2332,11.679489347669813
2333,10.326510535346138
2334,8.993633058336046
2335,7.709813647800022
2336,6.476750903659397
2337,5.286055670844184
2338,4.135438071356879
2339,3.0312474568684897
2340,3.7900532616509333
2341,2.8177309036254883
2342,1.9936985439724393
2343,1.298850377400716
2344,0.7031080457899306
2345,0.24564849005805123
2346,0.0
2347,0.0
2348,0.0
2349,0.0
2350,0.0
2351,0.0
2352,0.0
2353,0.0
2354,0.0
2355,0.0
2356,0.0
2357,0.0
2358,0.0
2359,0.0
2360,0.0
