GPS Time, Device Time, Longitude, Latitude,GPS Speed (Meters/second), Horizontal Dilution of Precision, Altitude, Bearing, G(x), G(y), G(z), G(calibrated),
Tue Feb 02 18:23:26 GMT+09:00 2021,02-2월-2021 18:23:31.551,127.04158008098602,37.5603017443791,3.3899999,28.5,43.0,274.6,1.16837049,1.28329206,9.71447372,0.02494067,
Tue Feb 02 18:23:26 GMT+09:00 2021,02-2월-2021 18:23:32.547,127.04158008098602,37.5603017443791,3.3899999,28.5,43.0,274.6,1.8579005,0.21547815,10.44709873,0.10087603,
Tue Feb 02 18:23:29 GMT+09:00 2021,02-2월-2021 18:23:33.547,127.04125871881843,37.560161389410496,5.15,12.0,64.0,281.9,2.29364514,1.02471828,9.60553741,0.0310902,
Tue Feb 02 18:23:31 GMT+09:00 2021,02-2월-2021 18:23:34.548,127.04119057394564,37.560189636424184,3.97,6.5,55.0,291.7,2.29364514,1.02471828,9.60553741,0.0310902,
Tue Feb 02 18:23:32 GMT+09:00 2021,02-2월-2021 18:23:35.546,127.04117833636701,37.56019826978445,2.73,6.0,55.0,285.3,2.29364514,1.02471828,9.60553741,0.0310902,
Tue Feb 02 18:23:33 GMT+09:00 2021,02-2월-2021 18:23:36.547,127.04118495807052,37.560223499313,3.54,5.5,53.0,330.4,2.29364514,1.02471828,9.60553741,0.0310902,
Tue Feb 02 18:23:34 GMT+09:00 2021,02-2월-2021 18:23:37.547,127.04120557755232,37.5602663308382,4.91,5.5,52.0,5.0,-1.48799634,2.39180756,10.10113716,0.08796591,
Tue Feb 02 18:23:35 GMT+09:00 2021,02-2월-2021 18:23:38.546,127.04123390838504,37.560311844572425,6.48,5.5,50.0,13.3,-3.31836367,-3.21660995,9.63067627,0.10790271,
Tue Feb 02 18:23:36 GMT+09:00 2021,02-2월-2021 18:23:39.547,127.04128076322377,37.560374373570085,7.21,5.0,47.0,13.3,-3.62482142,4.73692799,4.04260969,-0.24648535,
Tue Feb 02 18:23:37 GMT+09:00 2021,02-2월-2021 18:23:40.547,127.04131294973195,37.56044239271432,8.34,4.5,45.0,15.8,-6.99585724,-0.61171854,7.75481939,0.08546275,
Tue Feb 02 18:23:38 GMT+09:00 2021,02-2월-2021 18:23:41.547,127.04134010709822,37.56052495446056,9.5,4.5,45.0,12.5,-0.28969839,8.39407158,6.79953289,0.12056845,
Tue Feb 02 18:23:39 GMT+09:00 2021,02-2월-2021 18:23:42.547,127.04135913401842,37.56060114596039,8.139999,4.5,46.0,11.0,-0.36391866,8.89924812,4.32991362,0.02852017,
Tue Feb 02 18:23:40 GMT+09:00 2021,02-2월-2021 18:23:43.547,127.04138050787151,37.56068550981581,8.26,4.0,47.0,10.9,0.4369418,11.22880554,6.13633919,0.32415587,
Tue Feb 02 18:23:41 GMT+09:00 2021,02-2월-2021 18:23:44.547,127.0413945056498,37.56076857447624,8.41,3.5,47.0,11.8,2.28287125,8.78791714,4.959589,0.07362229,
Tue Feb 02 18:23:42 GMT+09:00 2021,02-2월-2021 18:23:45.548,127.04142007045448,37.56085289642215,8.55,3.5,46.0,11.6,1.14801967,8.14746857,5.47314501,0.02634245,
Tue Feb 02 18:23:43 GMT+09:00 2021,02-2월-2021 18:23:46.548,127.04143691807985,37.560925064608455,8.349999,3.5,46.0,11.7,0.90021986,7.89368296,6.28118801,0.05140358,
Tue Feb 02 18:23:44 GMT+09:00 2021,02-2월-2021 18:23:47.547,127.04145443625748,37.56099534686655,7.6099997,3.5,45.0,10.6,0.66798228,7.83382797,6.341043,0.04863173,
Tue Feb 02 18:23:45 GMT+09:00 2021,02-2월-2021 18:23:48.547,127.04146960750222,37.5610610190779,7.8599997,3.5,45.0,10.2,0.70150107,7.7428484,4.43884993,-0.06841123,
Tue Feb 02 18:23:46 GMT+09:00 2021,02-2월-2021 18:23:49.548,127.0414880476892,37.56113536655903,8.099999,3.5,45.0,10.9,1.41138196,7.68658447,5.10683203,-0.02934855,
Tue Feb 02 18:23:47 GMT+09:00 2021,02-2월-2021 18:23:50.548,127.04150564968586,37.561198943294585,7.54,3.5,46.0,10.8,1.48799634,6.57687187,7.07127476,0.01502371,
Tue Feb 02 18:23:48 GMT+09:00 2021,02-2월-2021 18:23:51.547,127.04152501188219,37.56125057581812,5.65,3.5,46.0,11.5,1.16238487,6.8988924,6.70017338,0.00646281,
Tue Feb 02 18:23:49 GMT+09:00 2021,02-2월-2021 18:23:52.547,127.04153280705214,37.56128833629191,3.72,3.5,47.0,6.3,1.60770643,7.83023643,5.94959116,0.03476804,
Tue Feb 02 18:23:50 GMT+09:00 2021,02-2월-2021 18:23:53.547,127.04154152423143,37.561307614669204,1.4399999,3.5,48.0,5.8,0.22385786,6.25844336,7.21971512,-0.00675666,
Tue Feb 02 18:23:51 GMT+09:00 2021,02-2월-2021 18:23:54.547,127.04154420644045,37.56131775677204,0.31,4.0,49.0,4.1,0.93254155,7.5860281,8.91600704,0.21610707,
Tue Feb 02 18:23:52 GMT+09:00 2021,02-2월-2021 18:23:55.547,127.04154445789754,37.561324001289904,0.19,3.5,49.0,3.5,0.10295067,7.98226833,5.31512785,-0.00337464,
Tue Feb 02 18:23:53 GMT+09:00 2021,02-2월-2021 18:23:56.546,127.0415464695543,37.56132680922747,0.13,3.5,50.0,3.1,2.28526545,7.73446846,6.3338604,0.06434792,
Tue Feb 02 18:23:54 GMT+09:00 2021,02-2월-2021 18:23:57.547,127.04155141487718,37.56133041344583,0.0,3.5,49.0,0.0,0.5351041,7.21253252,5.51504374,-0.05386442,
Tue Feb 02 18:23:55 GMT+09:00 2021,02-2월-2021 18:23:58.547,127.04155141487718,37.56133041344583,0.0,4.0,49.0,0.0,2.26611185,7.68897867,6.4523735,0.06795281,
Tue Feb 02 18:23:56 GMT+09:00 2021,02-2월-2021 18:23:59.547,127.04155141487718,37.56133041344583,0.0,4.0,49.0,0.0,1.61967742,7.02698183,7.01740503,0.04469794,
Tue Feb 02 18:23:57 GMT+09:00 2021,02-2월-2021 18:24:00.547,127.04155141487718,37.56133041344583,0.0,3.5,49.0,0.0,1.46405435,7.24485445,6.99825144,0.05658883,
Tue Feb 02 18:23:58 GMT+09:00 2021,02-2월-2021 18:24:01.547,127.04155141487718,37.56133041344583,0.0,4.0,49.0,0.0,1.63643682,7.08204842,7.10000515,0.05476719,
Tue Feb 02 18:23:59 GMT+09:00 2021,02-2월-2021 18:24:02.547,127.04155141487718,37.56133041344583,0.0,4.0,49.0,0.0,1.44490075,7.27119064,6.55652142,0.05142595,
Tue Feb 02 18:24:00 GMT+09:00 2021,02-2월-2021 18:24:03.547,127.0415602158755,37.56133070681244,0.14,4.0,49.0,3.4,2.26371765,7.68059921,6.25964022,0.05504662,
Tue Feb 02 18:24:01 GMT+09:00 2021,02-2월-2021 18:24:04.547,127.04156398773193,37.56133020389825,0.19999999,4.0,49.0,3.3,0.8810662,8.15225697,5.23611927,0.01073825,
Tue Feb 02 18:24:02 GMT+09:00 2021,02-2월-2021 18:24:05.547,127.04157002270222,37.56133527494967,0.7,4.0,48.0,16.0,0.54228669,8.44913769,5.49828434,0.04807264,
Tue Feb 02 18:24:03 GMT+09:00 2021,02-2월-2021 18:24:06.548,127.04157387837768,37.56134684197605,1.24,4.0,48.0,4.6,1.13604867,9.16021538,5.26365232,0.10215312,
Tue Feb 02 18:24:04 GMT+09:00 2021,02-2월-2021 18:24:07.546,127.04157329164445,37.5613715685904,2.73,4.0,48.0,349.2,0.01915361,7.78594398,5.72812748,0.0043273,
GPS Time, Device Time, Longitude, Latitude,GPS Speed (Meters/second), Horizontal Dilution of Precision, Altitude, Bearing, G(x), G(y), G(z), G(calibrated),
Tue Feb 02 18:24:05 GMT+09:00 2021,02-2월-2021 18:24:09.303,127.04158117063344,37.561408071778715,4.22,4.0,48.0,354.7,-0.142455,5.48272181,1.62446582,-0.39791244,
Tue Feb 02 18:24:06 GMT+09:00 2021,02-2월-2021 18:24:10.302,127.0415918994695,37.56147064268589,5.7599998,4.0,49.0,6.5,1.37187755,4.40054274,9.18415737,0.06649953,
Tue Feb 02 18:24:07 GMT+09:00 2021,02-2월-2021 18:24:11.302,127.04159818589687,37.561542643234134,6.87,4.0,50.0,9.0,-0.4369418,3.38300705,9.15662479,0.0150609,
Tue Feb 02 18:24:08 GMT+09:00 2021,02-2월-2021 18:24:12.302,127.04160673543811,37.56162076257169,7.7,4.0,50.0,8.1,1.14801967,2.86226821,9.39484787,0.02695698,
Tue Feb 02 18:24:09 GMT+09:00 2021,02-2월-2021 18:24:13.302,127.04162484034896,37.56170868873596,9.73,4.0,50.0,8.9,0.14844051,3.41532874,9.61631107,0.05935448,
Tue Feb 02 18:24:10 GMT+09:00 2021,02-2월-2021 18:24:14.302,127.04164621420205,37.561805876903236,10.5199995,4.0,50.0,10.6,0.22266077,3.05500126,10.06282997,0.09124309,
Tue Feb 02 18:24:11 GMT+09:00 2021,02-2월-2021 18:24:15.302,127.0416690967977,37.561905244365335,11.01,4.0,50.0,10.0,-0.12689269,2.66235232,9.75876617,0.05021423,
Tue Feb 02 18:24:12 GMT+09:00 2021,02-2월-2021 18:24:16.302,127.0416915602982,37.56201676558703,12.38,4.0,49.0,9.0,0.05865794,1.09415019,9.02733707,-0.05402833,
Tue Feb 02 18:24:13 GMT+09:00 2021,02-2월-2021 18:24:17.302,127.04171570017934,37.5621342798695,12.55,4.0,49.0,10.0,0.08020575,1.25695586,9.31823349,-0.0224914,
Tue Feb 02 18:24:14 GMT+09:00 2021,02-2월-2021 18:24:18.302,127.0417404267937,37.56223926320672,11.74,4.0,49.0,11.7,-0.20111294,1.78248322,9.91079807,0.04568928,
Tue Feb 02 18:24:15 GMT+09:00 2021,02-2월-2021 18:24:19.302,127.04176113009453,37.56234336644411,11.73,4.0,49.0,10.0,-0.04309563,1.45088625,11.43829823,0.19433433,
Tue Feb 02 18:24:16 GMT+09:00 2021,02-2월-2021 18:24:20.301,127.04178116284311,37.56245245691389,12.639999,4.5,49.0,8.0,-0.15083471,0.91219085,9.8198185,0.02442795,
Tue Feb 02 18:24:17 GMT+09:00 2021,02-2월-2021 18:24:21.302,127.04178602434695,37.56257093511522,12.92,5.0,49.0,2.1,0.24301147,0.50397944,10.26873112,0.06731421,
Tue Feb 02 18:24:18 GMT+09:00 2021,02-2월-2021 18:24:22.302,127.04178376123309,37.562695322558284,14.059999,5.0,49.0,358.9,-2.13083959,1.09295309,10.19690514,0.08672112,
Tue Feb 02 18:24:19 GMT+09:00 2021,02-2월-2021 18:24:23.302,127.04178568907082,37.562824110500515,14.19,5.0,49.0,358.5,-11.11508179,-0.5291186,7.92720175,0.41171759,
Tue Feb 02 18:24:20 GMT+09:00 2021,02-2월-2021 18:24:24.302,127.0417882874608,37.562958556227386,14.65,4.5,49.0,359.1,-0.9708488,-3.74333429,10.35971069,0.14621407,
Tue Feb 02 18:24:21 GMT+09:00 2021,02-2월-2021 18:24:25.302,127.04179306514561,37.56309983320534,15.19,4.5,50.0,358.1,0.38426939,1.18273568,11.24077702,0.17183977,
Tue Feb 02 18:24:22 GMT+09:00 2021,02-2월-2021 18:24:26.302,127.04177722334862,37.563238008879125,15.37,5.0,49.0,357.3,2.64200163,-4.27005863,2.06619596,-0.42750347,
Tue Feb 02 18:24:23 GMT+09:00 2021,02-2월-2021 18:24:27.302,127.04177311621606,37.563381590880454,15.2699995,5.0,49.0,359.8,2.77248549,-2.66714072,9.2404213,0.03931397,
Tue Feb 02 18:24:24 GMT+09:00 2021,02-2월-2021 18:24:28.302,127.04177428968251,37.56353254895657,16.1,5.0,48.0,359.9,2.64559293,-4.16591072,9.12909126,0.07685775,
Tue Feb 02 18:24:25 GMT+09:00 2021,02-2월-2021 18:24:29.302,127.04177001491189,37.563683590851724,16.41,4.5,47.0,359.0,2.03267717,-3.81516051,8.92558384,0.02993995,
Tue Feb 02 18:24:26 GMT+09:00 2021,02-2월-2021 18:24:30.302,127.04176716506481,37.563831699080765,16.0,3.5,46.0,0.0,2.7413609,-2.66833782,9.26077175,0.04038924,
Tue Feb 02 18:24:27 GMT+09:00 2021,02-2월-2021 18:24:31.302,127.04176565632224,37.56397892720997,16.21,4.0,46.0,359.6,3.07894349,-2.70305371,6.33984613,-0.21152884,
Tue Feb 02 18:24:28 GMT+09:00 2021,02-2월-2021 18:24:32.302,127.04176213592291,37.56412452086806,16.279999,3.5,45.0,0.0,2.68030882,-3.65474892,9.73961258,0.11405593,
Tue Feb 02 18:24:29 GMT+09:00 2021,02-2월-2021 18:24:33.302,127.04176071099937,37.56426248699427,15.04,3.5,45.0,359.9,2.45764804,-3.26808524,8.94234371,0.02133435,
Tue Feb 02 18:24:30 GMT+09:00 2021,02-2월-2021 18:24:34.302,127.04176062718034,37.56439592689276,14.389999,3.5,45.0,359.8,2.39779305,-4.00310516,9.39005947,0.08786684,
Tue Feb 02 18:24:31 GMT+09:00 2021,02-2월-2021 18:24:35.302,127.0417610462755,37.564529492519796,14.219999,3.5,45.0,359.7,2.85388851,-4.21738625,9.15662479,0.08702713,
Tue Feb 02 18:24:32 GMT+09:00 2021,02-2월-2021 18:24:36.302,127.04176020808518,37.56465828046203,13.4,3.5,44.0,358.9,2.70425081,-5.13795662,8.82263279,0.09563023,
Tue Feb 02 18:24:33 GMT+09:00 2021,02-2월-2021 18:24:37.301,127.04175819642842,37.56477487273514,12.04,3.0,44.0,359.9,2.7605145,-5.43842936,8.24682808,0.06457108,
Tue Feb 02 18:24:34 GMT+09:00 2021,02-2월-2021 18:24:38.302,127.04175140708685,37.564869252964854,9.51,3.5,43.0,358.9,3.07535219,-5.86459684,8.31506252,0.10256249,
Tue Feb 02 18:24:35 GMT+09:00 2021,02-2월-2021 18:24:39.302,127.04174688085914,37.56494355853647,6.8399997,3.5,43.0,357.7,2.97359848,-5.18344688,8.76158142,0.10008627,
Tue Feb 02 18:24:36 GMT+09:00 2021,02-2월-2021 18:24:40.302,127.04174998216331,37.56499213166535,3.78,3.5,44.0,355.7,2.7413609,-4.30477476,8.95072269,0.0693031,
Tue Feb 02 18:24:37 GMT+09:00 2021,02-2월-2021 18:24:41.302,127.04174688085914,37.56501547526568,1.64,3.5,44.0,356.6,2.72819281,-3.96479797,8.91959858,0.05214792,
Tue Feb 02 18:24:38 GMT+09:00 2021,02-2월-2021 18:24:42.301,127.04174344427884,37.565024737268686,0.45999998,3.5,44.0,356.2,2.47201324,-2.55341601,9.45949078,0.04907995,
Tue Feb 02 18:24:39 GMT+09:00 2021,02-2월-2021 18:24:43.302,127.04174168407917,37.56502892822027,0.19,3.5,44.0,356.1,2.78325939,-2.99873757,9.51934624,0.07519954,
Tue Feb 02 18:24:40 GMT+09:00 2021,02-2월-2021 18:24:44.302,127.04173816367984,37.56502964068204,0.16,3.5,44.0,356.0,2.70903921,-2.94845939,9.24401283,0.04590422,
Tue Feb 02 18:24:41 GMT+09:00 2021,02-2월-2021 18:24:45.302,127.04173816367984,37.56502955686301,0.0,3.5,44.0,0.0,2.81917238,-3.02507377,9.46068764,0.07148653,
Tue Feb 02 18:24:42 GMT+09:00 2021,02-2월-2021 18:24:46.302,127.04173841513693,37.56502955686301,0.0,3.5,44.0,0.0,2.66235232,-2.94965649,9.21408558,0.04186839,
Tue Feb 02 18:24:43 GMT+09:00 2021,02-2월-2021 18:24:47.301,127.04173841513693,37.56502955686301,0.0,3.5,44.0,0.0,2.72460151,-2.98437238,9.43195724,0.06499141,
Tue Feb 02 18:24:44 GMT+09:00 2021,02-2월-2021 18:24:48.302,127.04173841513693,37.56502955686301,0.0,3.5,44.0,0.0,2.62045383,-2.9161377,9.20091724,0.03850812,
Tue Feb 02 18:24:45 GMT+09:00 2021,02-2월-2021 18:24:49.302,127.04173841513693,37.56502955686301,0.0,3.5,44.0,0.0,2.52947402,-2.907758,9.29788208,0.04499227,
Tue Feb 02 18:24:46 GMT+09:00 2021,02-2월-2021 18:24:50.302,127.04173841513693,37.56502955686301,0.0,3.5,44.0,0.0,2.69347692,-2.94726229,9.39005947,0.05912691,
Tue Feb 02 18:24:47 GMT+09:00 2021,02-2월-2021 18:24:51.302,127.04173841513693,37.56502955686301,0.0,3.5,44.0,0.0,2.52707982,-2.94726229,9.39843845,0.05556804,
Tue Feb 02 18:24:48 GMT+09:00 2021,02-2월-2021 18:24:52.302,127.04173841513693,37.56502955686301,0.0,3.5,44.0,0.0,2.78924489,-3.02148247,9.46188545,0.07066232,
Tue Feb 02 18:24:49 GMT+09:00 2021,02-2월-2021 18:24:53.302,127.04173841513693,37.56502955686301,0.0,4.0,44.0,0.0,2.7377696,-2.93768549,9.22246456,0.0443607,
Tue Feb 02 18:24:50 GMT+09:00 2021,02-2월-2021 18:24:54.303,127.04173841513693,37.56502955686301,0.0,4.0,44.0,0.0,2.55341601,-2.97479558,9.45230865,0.06212515,
Tue Feb 02 18:24:51 GMT+09:00 2021,02-2월-2021 18:24:55.302,127.04173841513693,37.56502955686301,0.0,4.0,44.0,0.0,2.62284803,-2.9149406,9.2356329,0.04179305,
Tue Feb 02 18:24:52 GMT+09:00 2021,02-2월-2021 18:24:56.302,127.04173841513693,37.56502955686301,0.0,3.5,44.0,0.0,2.55341601,-2.93888259,9.42357826,0.05835944,
Tue Feb 02 18:24:53 GMT+09:00 2021,02-2월-2021 18:24:57.302,127.04173841513693,37.56502955686301,0.0,4.0,44.0,0.0,2.7593174,-2.99634337,9.47505283,0.07032639,
Tue Feb 02 18:24:54 GMT+09:00 2021,02-2월-2021 18:24:58.302,127.04173841513693,37.56502955686301,0.0,3.5,44.0,0.0,2.70065951,-2.91972899,9.20929718,0.04157156,
Tue Feb 02 18:24:55 GMT+09:00 2021,02-2월-2021 18:24:59.302,127.04173841513693,37.56502955686301,0.0,3.5,44.0,0.0,2.73178411,-2.98796368,9.45709705,0.06764799,
Tue Feb 02 18:24:56 GMT+09:00 2021,02-2월-2021 18:25:00.302,127.04173841513693,37.56502955686301,0.0,3.5,44.0,0.0,2.71263051,-3.00951147,9.45829391,0.06788379,
Tue Feb 02 18:24:57 GMT+09:00 2021,02-2월-2021 18:25:01.302,127.04173841513693,37.56502955686301,0.0,4.0,44.0,0.0,2.69946241,-2.91733479,9.25119495,0.04539043,
Tue Feb 02 18:24:58 GMT+09:00 2021,02-2월-2021 18:25:02.301,127.04173841513693,37.56502955686301,0.0,4.0,44.0,0.0,2.71741891,-3.01190567,9.46547604,0.06875688,
Tue Feb 02 18:24:59 GMT+09:00 2021,02-2월-2021 18:25:03.301,127.04173841513693,37.56502955686301,0.0,3.5,44.0,0.0,2.57735825,-2.92691159,9.28232002,0.04533213,
Tue Feb 02 18:25:00 GMT+09:00 2021,02-2월-2021 18:25:04.302,127.04173841513693,37.56502955686301,0.0,3.5,44.0,0.0,2.67192912,-2.93529129,9.36252594,0.05561262,
Tue Feb 02 18:25:01 GMT+09:00 2021,02-2월-2021 18:25:05.301,127.04173841513693,37.56502955686301,0.0,4.0,44.0,0.0,2.68749142,-2.99035788,9.45470238,0.06630439,
Tue Feb 02 18:25:02 GMT+09:00 2021,02-2월-2021 18:25:06.302,127.04173841513693,37.56502955686301,0.0,4.0,44.0,0.0,2.68270302,-2.97359848,9.35175228,0.05602568,
Tue Feb 02 18:25:03 GMT+09:00 2021,02-2월-2021 18:25:07.302,127.04173841513693,37.56502955686301,0.0,4.0,44.0,0.0,2.70784211,-3.00951147,9.45589924,0.06753081,
Tue Feb 02 18:25:04 GMT+09:00 2021,02-2월-2021 18:25:08.302,127.04173841513693,37.56502955686301,0.0,3.5,44.0,0.0,2.67552042,-2.93768549,9.36252594,0.0557794,
Tue Feb 02 18:25:05 GMT+09:00 2021,02-2월-2021 18:25:09.302,127.04173841513693,37.56502955686301,0.0,3.5,44.0,0.0,2.64319873,-2.99155498,9.48702431,0.0682041,
Tue Feb 02 18:25:06 GMT+09:00 2021,02-2월-2021 18:25:10.302,127.04173841513693,37.56502955686301,0.0,4.0,44.0,0.0,2.69347692,-2.95564198,9.20091724,0.04166287,
Tue Feb 02 18:25:07 GMT+09:00 2021,02-2월-2021 18:25:11.302,127.04173841513693,37.56502955686301,0.0,3.5,44.0,0.0,2.55820441,-2.94845939,9.42238045,0.05865079,
Tue Feb 02 18:25:08 GMT+09:00 2021,02-2월-2021 18:25:12.302,127.04173841513693,37.56502955686301,0.0,3.5,44.0,0.0,2.71143341,-2.94127679,9.27753162,0.04889244,
Tue Feb 02 18:25:09 GMT+09:00 2021,02-2월-2021 18:25:13.302,127.04173841513693,37.56502955686301,0.0,3.5,44.0,0.0,2.54144502,-2.93169999,9.35534286,0.05141515,
Tue Feb 02 18:25:10 GMT+09:00 2021,02-2월-2021 18:25:14.302,127.04173841513693,37.56502955686301,0.0,4.0,44.0,0.0,2.72699571,-2.99873757,9.44512558,0.06671649,
Tue Feb 02 18:25:11 GMT+09:00 2021,02-2월-2021 18:25:15.302,127.04173841513693,37.56502955686301,0.0,4.0,44.0,0.0,2.54024792,-2.94007969,9.39005947,0.0549013,
Tue Feb 02 18:25:12 GMT+09:00 2021,02-2월-2021 18:25:16.302,127.04173841513693,37.56502955686301,0.0,3.5,44.0,0.0,2.80720139,-3.02028537,9.48223591,0.07302493,
Tue Feb 02 18:25:13 GMT+09:00 2021,02-2월-2021 18:25:17.302,127.04173841513693,37.56502955686301,0.0,3.5,44.0,0.0,2.59651184,-2.9101522,9.34576607,0.05130428,
Tue Feb 02 18:25:14 GMT+09:00 2021,02-2월-2021 18:25:18.302,127.04173841513693,37.56502955686301,0.0,3.5,44.0,0.0,2.71861601,-3.01549697,9.44752026,0.06721431,
Tue Feb 02 18:25:15 GMT+09:00 2021,02-2월-2021 18:25:19.302,127.04173841513693,37.56502955686301,0.0,3.5,44.0,0.0,2.68509722,-2.93409419,9.21408558,0.0420211,
Tue Feb 02 18:25:16 GMT+09:00 2021,02-2월-2021 18:25:20.302,127.04173841513693,37.56502955686301,0.0,3.5,44.0,0.0,2.71023631,-2.99394917,9.43794346,0.06544906,
Tue Feb 02 18:25:17 GMT+09:00 2021,02-2월-2021 18:25:21.301,127.04173841513693,37.56502955686301,0.0,3.5,44.0,0.0,2.70664501,-2.94965649,9.35773754,0.05652255,
Tue Feb 02 18:25:18 GMT+09:00 2021,02-2월-2021 18:25:22.301,127.04173841513693,37.56502955686301,0.0,3.5,44.0,0.0,2.55221891,-2.94247389,9.33259869,0.04986972,
Tue Feb 02 18:25:19 GMT+09:00 2021,02-2월-2021 18:25:23.301,127.04173841513693,37.56502955686301,0.0,3.5,44.0,0.0,2.79523039,-3.02866507,9.43794346,0.06880504,
Tue Feb 02 18:25:20 GMT+09:00 2021,02-2월-2021 18:25:24.302,127.04173841513693,37.56502955686301,0.0,3.5,44.0,0.0,2.54024792,-2.92451739,9.30865574,0.04677731,
Tue Feb 02 18:25:21 GMT+09:00 2021,02-2월-2021 18:25:25.302,127.04173841513693,37.56502955686301,0.0,3.5,44.0,0.0,2.69706821,-2.96402168,9.43315506,0.06376022,
Tue Feb 02 18:25:22 GMT+09:00 2021,02-2월-2021 18:25:26.302,127.04173841513693,37.56502955686301,0.0,3.5,44.0,0.0,2.7569232,-2.92451739,9.2212677,0.04439098,
Tue Feb 02 18:25:23 GMT+09:00 2021,02-2월-2021 18:25:27.302,127.04173841513693,37.56502955686301,0.0,3.5,44.0,0.0,2.81318688,-3.03345346,9.48223591,0.07358354,
Tue Feb 02 18:25:24 GMT+09:00 2021,02-2월-2021 18:25:28.302,127.04173841513693,37.56502955686301,0.0,3.5,44.0,0.0,2.69108272,-2.95444489,9.25598335,0.04671246,
Tue Feb 02 18:25:25 GMT+09:00 2021,02-2월-2021 18:25:29.302,127.04173841513693,37.56502955686301,0.0,3.5,44.0,0.0,2.754529,-3.02627087,9.47026443,0.07063824,
Tue Feb 02 18:25:26 GMT+09:00 2021,02-2월-2021 18:25:30.302,127.04173841513693,37.56502955686301,0.0,3.5,44.0,0.0,2.68509722,-2.93289709,9.27992535,0.04815096,
Tue Feb 02 18:25:27 GMT+09:00 2021,02-2월-2021 18:25:31.302,127.04173841513693,37.56502955686301,0.0,3.5,44.0,0.0,2.63601613,-2.99275208,9.46906757,0.06636471,
Tue Feb 02 18:25:28 GMT+09:00 2021,02-2월-2021 18:25:32.302,127.04173841513693,37.56502955686301,0.0,3.5,44.0,0.0,2.7353754,-2.92332029,9.25957489,0.04733866,
Tue Feb 02 18:25:29 GMT+09:00 2021,02-2월-2021 18:25:33.302,127.04173841513693,37.56502955686301,0.0,3.5,44.0,0.0,2.63362193,-2.98556948,9.45111084,0.06440192,
Tue Feb 02 18:25:30 GMT+09:00 2021,02-2월-2021 18:25:34.302,127.04173841513693,37.56502955686301,0.0,3.5,44.0,0.0,5.29836845,-2.95564198,8.14866543,0.05459589,
Tue Feb 02 18:25:31 GMT+09:00 2021,02-2월-2021 18:25:35.302,127.04173841513693,37.56502955686301,0.0,3.5,44.0,0.0,1.59094703,-6.05134487,11.91115379,0.39051574,
Tue Feb 02 18:25:32 GMT+09:00 2021,02-2월-2021 18:25:36.302,127.04173841513693,37.56502955686301,0.0,3.5,44.0,0.0,0.20829555,5.25527287,12.10508347,0.36438936,
Tue Feb 02 18:25:33 GMT+09:00 2021,02-2월-2021 18:25:37.302,127.04173531383276,37.56503370590508,0.51,3.5,43.0,359.6,1.66995573,8.04571438,6.28597641,0.07361859,
Tue Feb 02 18:25:34 GMT+09:00 2021,02-2월-2021 18:25:38.302,127.04174109734595,37.56504020188004,0.29,3.5,44.0,0.4,3.78283858,-7.04374123,20.34712219,1.24750137,
Tue Feb 02 18:25:35 GMT+09:00 2021,02-2월-2021 18:25:39.302,127.04174922779202,37.56504414137453,0.32999998,3.5,43.0,3.1,4.48194551,-1.22463417,8.43357563,0.00052357,
Tue Feb 02 18:25:36 GMT+09:00 2021,02-2월-2021 18:25:40.301,127.04175434075296,37.56505457684398,2.01,3.5,43.0,359.0,2.85987401,-1.43771815,9.77672291,0.06766278,
Tue Feb 02 18:25:37 GMT+09:00 2021,02-2월-2021 18:25:41.301,127.04175584949553,37.565083033405244,4.77,4.0,43.0,0.5,3.01669407,-1.58137023,9.76235771,0.07297319,
Tue Feb 02 18:25:38 GMT+09:00 2021,02-2월-2021 18:25:42.302,127.0417607948184,37.56512590683997,5.89,3.5,43.0,359.2,2.62165093,-2.07098436,9.79946709,0.07438594,
Tue Feb 02 18:25:39 GMT+09:00 2021,02-2월-2021 18:25:43.302,127.04175677150488,37.56518168840557,7.1099997,3.5,43.0,359.5,1.9405005,-3.76847339,8.89206505,0.02314597,
Tue Feb 02 18:25:40 GMT+09:00 2021,02-2월-2021 18:25:44.302,127.04175811260939,37.56524983327836,7.6499996,3.5,43.0,359.0,1.32399356,-3.80199242,8.80108547,0.00556284,
Tue Feb 02 18:25:41 GMT+09:00 2021,02-2월-2021 18:25:45.302,127.04175199382007,37.565314709208906,6.99,3.0,42.0,354.6,1.9321208,-3.8798039,9.25718117,0.06095845,
Tue Feb 02 18:25:42 GMT+09:00 2021,02-2월-2021 18:25:46.302,127.04173556528986,37.565371370874345,6.49,3.0,41.0,342.7,1.69868612,-3.19266796,9.44991398,0.05042475,
Tue Feb 02 18:25:43 GMT+09:00 2021,02-2월-2021 18:25:47.302,127.04171804711223,37.565430756658316,6.06,3.0,41.0,334.7,0.82360536,-3.52546191,9.48941803,0.05432993,
Tue Feb 02 18:25:44 GMT+09:00 2021,02-2월-2021 18:25:48.302,127.04167680814862,37.565472540445626,6.0899997,3.0,41.0,312.5,0.80804306,-3.39976645,9.7910881,0.07873458,
Tue Feb 02 18:25:45 GMT+09:00 2021,02-2월-2021 18:25:49.302,127.04161704517901,37.565502799116075,6.45,2.5,41.0,295.1,1.946486,-3.7337575,9.05367374,0.03683144,
Tue Feb 02 18:25:46 GMT+09:00 2021,02-2월-2021 18:25:50.302,127.04154739156365,37.56551662925631,6.3599997,2.5,40.0,283.6,2.7437551,-2.35110617,9.33858395,0.03971797,
Tue Feb 02 18:25:47 GMT+09:00 2021,02-2월-2021 18:25:51.302,127.04147480428219,37.565525765530765,5.2799997,2.5,40.0,281.3,2.11767149,-4.0114851,9.2356329,0.06787688,
Tue Feb 02 18:25:48 GMT+09:00 2021,02-2월-2021 18:25:52.302,127.04141629859805,37.56553745828569,5.27,2.5,40.0,283.2,2.40976405,-4.51307011,8.77594662,0.05450922,
Tue Feb 02 18:25:49 GMT+09:00 2021,02-2월-2021 18:25:53.302,127.04136734828353,37.5655446248129,3.55,2.5,39.0,281.1,2.37265396,-3.35667086,9.31344414,0.05673939,
Tue Feb 02 18:25:50 GMT+09:00 2021,02-2월-2021 18:25:54.302,127.04134731553495,37.56554370280355,1.25,3.5,39.0,279.9,2.45285964,-3.47997212,9.1326828,0.04614979,
Tue Feb 02 18:25:51 GMT+09:00 2021,02-2월-2021 18:25:55.302,127.04133809544146,37.56554340943694,1.2099999,3.5,39.0,280.3,2.33434677,-3.16872597,9.53730202,0.07072955,
Tue Feb 02 18:25:52 GMT+09:00 2021,02-2월-2021 18:25:56.302,127.04132610931993,37.56554936058819,0.93,3.5,39.0,278.0,2.26012635,-3.30878663,9.38886166,0.05958921,
Tue Feb 02 18:25:53 GMT+09:00 2021,02-2월-2021 18:25:57.302,127.04131538048387,37.565557742491364,0.81,3.0,40.0,280.2,2.31279874,-2.79403329,9.53969669,0.05936211,
Tue Feb 02 18:25:54 GMT+09:00 2021,02-2월-2021 18:25:58.302,127.04130867496133,37.56556176580489,0.0,3.5,40.0,0.0,2.06859016,-1.57179344,10.00536919,0.07273763,
Tue Feb 02 18:25:55 GMT+09:00 2021,02-2월-2021 18:25:59.302,127.04130867496133,37.56556176580489,0.0,3.5,40.0,0.0,1.98359609,-0.89902276,10.28788471,0.09095377,
Tue Feb 02 18:25:56 GMT+09:00 2021,02-2월-2021 18:26:00.302,127.04129224643111,37.56557278800756,2.1,3.5,40.0,287.8,2.43849444,-1.22702837,10.19570827,0.09492499,
Tue Feb 02 18:25:57 GMT+09:00 2021,02-2월-2021 18:26:01.302,127.04126307740808,37.565583935938776,3.05,4.0,39.0,290.1,2.25892925,-1.31202257,8.22408295,-0.10138702,
Tue Feb 02 18:25:58 GMT+09:00 2021,02-2월-2021 18:26:02.301,127.04121379181743,37.56559512577951,5.17,4.0,39.0,286.1,2.61805964,-1.44250655,9.85333729,0.06861895,
Tue Feb 02 18:25:59 GMT+09:00 2021,02-2월-2021 18:26:03.302,127.04113868996501,37.56561486516148,6.8599997,4.0,40.0,283.0,2.39779305,-1.63045132,9.32062721,0.01402986,
Tue Feb 02 18:26:00 GMT+09:00 2021,02-2월-2021 18:26:04.302,127.04105705022812,37.565635149367154,7.0899997,4.0,40.0,281.8,2.04943657,-1.49278474,9.75278091,0.04621404,
Tue Feb 02 18:26:01 GMT+09:00 2021,02-2월-2021 18:26:05.302,127.04096141271293,37.56565023679286,8.87,3.5,40.0,281.3,2.28526545,-2.52348852,9.34696388,0.03303379,
Tue Feb 02 18:26:02 GMT+09:00 2021,02-2월-2021 18:26:06.302,127.04084607772529,37.56567022763193,10.09,4.0,39.0,280.4,2.50792623,-3.33392596,9.32421875,0.06028229,
Tue Feb 02 18:26:03 GMT+09:00 2021,02-2월-2021 18:26:07.302,127.04071942716837,37.56568782962859,11.13,4.0,39.0,279.9,2.29364514,-4.16112232,9.01057816,0.05738658,
Tue Feb 02 18:26:04 GMT+09:00 2021,02-2월-2021 18:26:08.302,127.0405881665647,37.565707569010556,11.13,4.5,39.0,278.5,2.13682508,-3.90494299,8.70771122,0.01589203,
Tue Feb 02 18:26:05 GMT+09:00 2021,02-2월-2021 18:26:09.302,127.04045950435102,37.56571875885129,10.29,4.0,39.0,277.0,1.98599029,-4.89374828,8.63109684,0.05047125,
Tue Feb 02 18:26:06 GMT+09:00 2021,02-2월-2021 18:26:10.302,127.04035062342882,37.56572797894478,8.76,4.5,39.0,277.5,2.99275208,-5.52581739,8.57962132,0.10308772,
Tue Feb 02 18:26:07 GMT+09:00 2021,02-2월-2021 18:26:11.302,127.04025205224752,37.56572894286364,6.91,5.0,39.0,274.3,4.74889898,-4.25928497,8.23126507,0.08054966,
Tue Feb 02 18:26:08 GMT+09:00 2021,02-2월-2021 18:26:12.302,127.04017435200512,37.56572462618351,5.73,5.0,39.0,273.1,3.56496644,-3.38779545,9.00100136,0.0645563,
Tue Feb 02 18:26:09 GMT+09:00 2021,02-2월-2021 18:26:13.303,127.04011014662683,37.56573380436748,4.89,4.5,39.0,279.3,3.77924728,-1.82797301,8.90762711,0.02280575,
Tue Feb 02 18:26:10 GMT+09:00 2021,02-2월-2021 18:26:14.301,127.04008466564119,37.56575727369636,2.24,4.5,40.0,294.0,2.36307716,-2.54383922,9.86291409,0.08487254,
Tue Feb 02 18:26:11 GMT+09:00 2021,02-2월-2021 18:26:15.301,127.04007167369127,37.56577713880688,2.08,4.0,40.0,326.5,2.48996973,-1.97880769,9.97304726,0.08606595,
Tue Feb 02 18:26:12 GMT+09:00 2021,02-2월-2021 18:26:16.301,127.04008198343217,37.56578765809536,1.4599999,4.5,40.0,348.9,2.97000718,-2.80480719,8.82502747,0.01030058,
Tue Feb 02 18:26:13 GMT+09:00 2021,02-2월-2021 18:26:17.303,127.04008843749762,37.56580685265362,2.71,5.0,40.0,6.5,8.90403652,-4.29280376,3.8462851,0.10022193,
Tue Feb 02 18:26:14 GMT+09:00 2021,02-2월-2021 18:26:18.302,127.04010570421815,37.56584792397916,4.5499997,5.5,40.0,11.0,5.98550415,-12.73834991,14.94101524,1.11137724,
GPS Time, Device Time, Longitude, Latitude,GPS Speed (Meters/second), Horizontal Dilution of Precision, Altitude, Bearing, G(x), G(y), G(z), G(calibrated),
Tue Feb 02 18:26:16 GMT+09:00 2021,02-2월-2021 18:26:19.605,127.04010989516973,37.565907603129745,1.3299999,5.0,41.0,13.6,2.37983656,-3.78044438,8.82143593,0.026954,
Tue Feb 02 18:26:17 GMT+09:00 2021,02-2월-2021 18:26:20.605,127.04010754823685,37.56592344492674,0.38,5.5,41.0,20.4,6.80671549,4.86980629,7.54772091,0.16783482,
Tue Feb 02 18:26:17 GMT+09:00 2021,02-2월-2021 18:26:21.605,127.04010754823685,37.56592344492674,0.38,5.5,41.0,20.4,9.70010853,-2.19428587,-0.90141696,0.03693753,
Tue Feb 02 18:26:19 GMT+09:00 2021,02-2월-2021 18:26:22.604,127.04010729677975,37.56595408078283,0.17999999,4.5,40.0,27.5,9.44392872,-2.36307716,-2.25414085,0.03761882,
Tue Feb 02 18:26:20 GMT+09:00 2021,02-2월-2021 18:26:23.605,127.04010989516973,37.565976209007204,0.0,5.0,40.0,0.0,8.99381828,-2.31878424,-3.31118107,0.02414769,
Tue Feb 02 18:26:21 GMT+09:00 2021,02-2월-2021 18:26:24.605,127.04010897316039,37.56597532890737,0.0,5.0,40.0,0.0,9.6677866,0.82959092,-2.69946241,0.04568833,
Tue Feb 02 18:26:22 GMT+09:00 2021,02-2월-2021 18:26:25.605,127.04011282883584,37.56599745713174,0.66999996,5.0,39.0,37.2,9.01656342,-1.18752408,-2.78086519,-0.01157176,
Tue Feb 02 18:26:23 GMT+09:00 2021,02-2월-2021 18:26:26.605,127.04011819325387,37.56601648405194,0.84999996,4.5,39.0,36.8,8.23126507,-2.46004224,-4.27843857,-0.00266927,
Tue Feb 02 18:26:24 GMT+09:00 2021,02-2월-2021 18:26:27.605,127.0401203725487,37.56604338996112,2.03,5.0,39.0,21.1,7.8781209,-2.60608864,-5.40610743,0.02854735,
Tue Feb 02 18:26:25 GMT+09:00 2021,02-2월-2021 18:26:28.605,127.04013680107892,37.566067446023226,3.53,5.5,39.0,43.9,8.40484524,-0.38666359,-6.97311258,0.13293749,
Tue Feb 02 18:26:26 GMT+09:00 2021,02-2월-2021 18:26:29.604,127.04017326235771,37.56608123425394,3.33,5.5,39.0,59.0,8.05409431,-1.97761059,-2.86346531,-0.08663136,
Tue Feb 02 18:26:27 GMT+09:00 2021,02-2월-2021 18:26:30.604,127.04021785408258,37.56608622148633,3.9399998,5.5,40.0,80.5,9.27872849,-0.9768343,-4.32033682,0.06708831,
Tue Feb 02 18:26:28 GMT+09:00 2021,02-2월-2021 18:26:31.605,127.04027015715837,37.56608215626329,5.04,5.5,40.0,99.3,9.13627338,-1.72382522,-4.04260969,0.05246896,
Tue Feb 02 18:26:29 GMT+09:00 2021,02-2월-2021 18:26:32.605,127.04033738002181,37.56608609575778,6.46,5.5,40.0,103.4,9.49061584,-2.40138435,-3.67031121,0.0847618,
Tue Feb 02 18:26:30 GMT+09:00 2021,02-2월-2021 18:26:33.605,127.04041508026421,37.56608659867197,6.8999996,5.5,40.0,100.3,9.02254868,-3.44405913,-3.28963304,0.05900317,
Tue Feb 02 18:26:31 GMT+09:00 2021,02-2월-2021 18:26:34.605,127.04048749990761,37.56609074771404,6.1299996,6.0,40.0,100.3,8.47307968,-3.58172584,-2.82635522,-0.00001991,
Tue Feb 02 18:26:32 GMT+09:00 2021,02-2월-2021 18:26:35.605,127.04054684378207,37.5660956511274,5.06,7.0,41.0,97.4,8.77355194,-2.7389667,-2.14041638,-0.019014,
Tue Feb 02 18:26:33 GMT+09:00 2021,02-2월-2021 18:26:36.605,127.04059914685786,37.56609238218516,4.12,6.5,41.0,99.3,9.32302189,-3.10049129,-4.35026455,0.11431831,
Tue Feb 02 18:26:34 GMT+09:00 2021,02-2월-2021 18:26:37.605,127.04064575023949,37.56608483847231,4.04,7.5,42.0,99.3,8.90523338,-3.18668246,-2.45285964,0.01503593,
Tue Feb 02 18:26:35 GMT+09:00 2021,02-2월-2021 18:26:38.605,127.04071808606386,37.5660583935678,5.47,7.0,42.0,105.3,8.31386566,-3.68946481,-3.07654929,-0.0022068,
Tue Feb 02 18:26:36 GMT+09:00 2021,02-2월-2021 18:26:39.605,127.04077139496803,37.56604598835111,4.77,8.0,42.0,104.5,9.20929718,-3.30758953,-2.37145686,0.04535276,
Tue Feb 02 18:26:37 GMT+09:00 2021,02-2월-2021 18:26:40.605,127.04080919735134,37.56604020483792,3.56,7.5,42.0,99.1,8.37611485,-3.74213719,-3.76248789,0.02976495,
Tue Feb 02 18:26:38 GMT+09:00 2021,02-2월-2021 18:26:41.605,127.04083082266152,37.5660335412249,1.81,8.0,43.0,97.9,8.43237877,-2.35350037,-2.83952332,-0.0428111,
Tue Feb 02 18:26:39 GMT+09:00 2021,02-2월-2021 18:26:42.605,127.0408297330141,37.566023147664964,0.22999999,7.5,43.0,96.6,9.00938129,-2.37145686,-3.23815775,0.02440077,
Tue Feb 02 18:26:40 GMT+09:00 2021,02-2월-2021 18:26:43.605,127.04083174467087,37.56601036526263,0.07,6.5,43.0,96.4,8.97227097,-2.43370605,-3.16154337,0.01995462,
Tue Feb 02 18:26:41 GMT+09:00 2021,02-2월-2021 18:26:44.605,127.04082378186285,37.56599888205528,0.44,6.5,44.0,100.8,8.71848583,-2.84670591,-3.10408258,0.00600433,
Tue Feb 02 18:26:42 GMT+09:00 2021,02-2월-2021 18:26:45.605,127.04082822427154,37.56599536165595,0.0,6.0,44.0,0.0,9.04170227,-2.49834943,-3.39976645,0.03608471,
Tue Feb 02 18:26:43 GMT+09:00 2021,02-2월-2021 18:26:46.605,127.04082822427154,37.56599536165595,0.0,6.0,44.0,0.0,8.87171459,-2.30082774,-3.45603013,0.01748782,
Tue Feb 02 18:26:44 GMT+09:00 2021,02-2월-2021 18:26:47.605,127.04082822427154,37.56599536165595,0.0,6.5,44.0,0.0,8.90643024,-2.03985977,-3.8618474,0.03017694,
Tue Feb 02 18:26:45 GMT+09:00 2021,02-2월-2021 18:26:48.605,127.04082822427154,37.56599536165595,0.0,6.5,44.0,0.0,8.91002178,-2.28885674,-3.44405913,0.02031249,
Tue Feb 02 18:26:46 GMT+09:00 2021,02-2월-2021 18:26:49.604,127.04082822427154,37.56599536165595,0.0,6.0,44.0,0.0,8.78791714,-2.23379016,-3.50989962,0.0101313,
Tue Feb 02 18:26:47 GMT+09:00 2021,02-2월-2021 18:26:50.604,127.04082822427154,37.56599536165595,0.0,6.0,44.0,0.0,8.83460426,-2.27568865,-3.69784451,0.02245909,
Tue Feb 02 18:26:48 GMT+09:00 2021,02-2월-2021 18:26:51.604,127.04081841744483,37.56598505191505,0.66999996,6.0,43.0,153.8,8.87051773,-1.99676418,-3.77565598,0.02259213,
Tue Feb 02 18:26:49 GMT+09:00 2021,02-2월-2021 18:26:52.604,127.04079947434366,37.56597935222089,0.77,5.5,43.0,173.7,8.9219923,-2.08056116,-3.35906506,0.01367539,
Tue Feb 02 18:26:50 GMT+09:00 2021,02-2월-2021 18:26:53.604,127.04079126007855,37.565973778255284,0.45999998,5.5,43.0,178.4,8.93516064,-1.54785144,-3.50630832,0.01008117,
Tue Feb 02 18:26:51 GMT+09:00 2021,02-2월-2021 18:26:54.605,127.04077776521444,37.56597402971238,0.0,5.0,44.0,0.0,8.87769985,-2.06859016,-3.59249973,0.01776564,
Tue Feb 02 18:26:52 GMT+09:00 2021,02-2월-2021 18:26:55.605,127.04077776521444,37.56597402971238,0.0,4.5,44.0,0.0,8.9806509,-2.05422497,-3.62242723,0.02809137,
Tue Feb 02 18:26:53 GMT+09:00 2021,02-2월-2021 18:26:56.605,127.04077776521444,37.56597402971238,0.0,5.0,44.0,0.0,8.91600704,-2.01950908,-3.60925913,0.02089065,
Tue Feb 02 18:26:54 GMT+09:00 2021,02-2월-2021 18:26:57.605,127.04077776521444,37.56597402971238,0.0,5.5,44.0,0.0,8.92917538,-2.03028297,-3.61644173,0.02260321,
Tue Feb 02 18:26:55 GMT+09:00 2021,02-2월-2021 18:26:58.605,127.04077776521444,37.56597402971238,0.0,5.0,44.0,0.0,9.6773634,-2.12485409,1.46884274,0.04001731,
Tue Feb 02 18:26:56 GMT+09:00 2021,02-2월-2021 18:26:59.605,127.04077776521444,37.56597402971238,0.0,4.5,44.0,0.0,9.62708473,-2.04105687,-1.17555308,0.02929908,
Tue Feb 02 18:26:57 GMT+09:00 2021,02-2월-2021 18:27:00.605,127.04077776521444,37.56597402971238,0.0,4.5,44.0,0.0,9.64623833,-7.39808321,2.84311461,0.29163855,
Tue Feb 02 18:26:58 GMT+09:00 2021,02-2월-2021 18:27:01.605,127.04077776521444,37.56597402971238,0.0,4.0,44.0,0.0,-1.95247149,7.97628307,5.55095673,0.02939039,
Tue Feb 02 18:26:59 GMT+09:00 2021,02-2월-2021 18:27:02.604,127.04077776521444,37.56597402971238,0.0,3.5,44.0,0.0,-0.2633622,8.92438698,3.39737225,0.05810755,
Tue Feb 02 18:27:00 GMT+09:00 2021,02-2월-2021 18:27:03.605,127.04077776521444,37.56597402971238,0.0,4.0,44.0,0.0,1.06302559,6.58285761,7.19098473,0.01867878,
Tue Feb 02 18:27:01 GMT+09:00 2021,02-2월-2021 18:27:04.605,127.04077776521444,37.56597402971238,0.0,4.0,44.0,0.0,0.14844051,7.10359621,6.91206026,0.02945894,
Tue Feb 02 18:27:02 GMT+09:00 2021,02-2월-2021 18:27:05.606,127.04077776521444,37.56597402971238,0.0,4.0,44.0,0.0,0.69671267,6.73728371,7.52258158,0.04425663,
Tue Feb 02 18:27:03 GMT+09:00 2021,02-2월-2021 18:27:06.605,127.04077776521444,37.56597402971238,0.0,4.5,44.0,0.0,0.29448682,7.06050062,7.12514448,0.0412906,
